step,t,learning_rate,epoch,L_task_batch_t,L_reg_batch_t,L_full_batch_t,weights_norm_sq_t,grad_L_task_norm_sq_t,curvature_task_sq_t,lambda_measured_task_t,lambda_rayleigh_task_t,batch_size,L_task_test_t
0,0.0,0.001,0,2.2981154918670654,0.0022967945098876954,2.300412286376953,45.935890197753906,0.2090427726507187,1.2137908077358905,1033.3383873979926,,6000,2.306152099609375
1,0.001,0.001,1,2.2979066371917725,0.002296794128417969,2.3002034313201905,45.935882568359375,0.20893484354019165,1.2137341873062946,1032.8530532894947,,6000,
2,0.002,0.001,2,2.2976977825164795,0.002296794319152832,2.2999945768356325,45.93588638305664,0.20891162753105164,1.2136775563710704,1032.7864749631024,,6000,
3,0.003,0.001,3,2.2974886894226074,0.0022967939376831057,2.2997854833602904,45.93587875366211,0.20879235863685608,1.2136208502633896,1032.2450801246978,,6000,
4,0.004,0.001,4,2.2972798347473145,0.002296794128417969,2.2995766288757324,45.935882568359375,0.20862552523612976,1.213564198299984,1031.4684243077468,,6000,
5,0.005,0.001,5,2.2970712184906006,0.002296794128417969,2.2993680126190186,45.935882568359375,0.20858559012413025,1.213507600515203,1031.3190788532704,,6000,
6,0.006,0.001,6,2.296862840652466,0.002296794128417969,2.299159634780884,45.935882568359375,0.20856547355651855,1.2134510569433665,1031.267667681067,,6000,
7,0.007,0.001,7,2.296654224395752,0.002296794319152832,2.298951018714905,45.93588638305664,0.20852211117744446,1.2133944381925137,1031.101369582976,,6000,
8,0.008,0.001,8,2.296445608139038,0.0022967945098876954,2.2987424026489256,45.935890197753906,0.2085416316986084,1.2133378089501763,1031.2460231287748,,6000,
9,0.009000000000000001,0.001,9,2.2962372303009033,0.0022967947006225587,2.298534025001526,45.93589401245117,0.2084129899740219,1.2132812339518328,1030.6579421583433,,6000,
10,0.010000000000000002,0.001,10,2.2960288524627686,0.002296794891357422,2.298325647354126,45.93589782714844,0.20836497843265533,1.2132246484827056,1030.4685716363051,,6000,
11,0.011000000000000003,0.001,11,2.2958202362060547,0.002296795082092285,2.298117031288147,45.9359016418457,0.2083764225244522,1.213167987780082,1030.5732987848628,,6000,
12,0.012000000000000004,0.001,12,2.295612096786499,0.002296795463562012,2.297908892250061,45.935909271240234,0.20837648212909698,1.2131114461255714,1030.6216273596724,,6000,
13,0.013000000000000005,0.001,13,2.2954037189483643,0.002296795463562012,2.2977005144119262,45.935909271240234,0.20838622748851776,1.2130548292343,1030.7179319506336,,6000,
14,0.014000000000000005,0.001,14,2.2951953411102295,0.0022967958450317385,2.2974921369552614,45.935916900634766,0.20834262669086456,1.212998201865716,1030.5503818739987,,6000,
15,0.015000000000000006,0.001,15,2.2949869632720947,0.002296796417236328,2.297283759689331,45.93592834472656,0.2082848995923996,1.2129415640181866,1030.3129471583181,,6000,
16,0.016000000000000007,0.001,16,2.294778823852539,0.0022967966079711914,2.29707562046051,45.93593215942383,0.2082367092370987,1.2128849805110893,1030.1226212695844,,6000,
17,0.017000000000000008,0.001,17,2.2945706844329834,0.002296797370910645,2.296867481803894,45.93594741821289,0.20815487205982208,1.212828386545756,1029.7658318469894,,6000,
18,0.01800000000000001,0.001,18,2.2943623065948486,0.0022967979431152345,2.296659104537964,45.93595886230469,0.20810098946094513,1.2127717172755863,1029.5473739860818,,6000,
19,0.01900000000000001,0.001,19,2.294154405593872,0.0022967981338500977,2.296451203727722,45.93596267700195,0.20806950330734253,1.2127151672338727,1029.4396026163474,,6000,
20,0.02000000000000001,0.001,20,2.2939462661743164,0.0022967987060546874,2.296243064880371,45.93597412109375,0.20803524553775787,1.2126585418840679,1029.3181716983925,,6000,
21,0.02100000000000001,0.001,21,2.2937381267547607,0.0022967998504638673,2.2960349266052247,45.935997009277344,0.20804692804813385,1.212601906069517,1029.4240525606106,,6000,
22,0.022000000000000013,0.001,22,2.293530225753784,0.002296800422668457,2.2958270261764526,45.93600845336914,0.207986980676651,1.2125453246815008,1029.1754532043556,,6000,
23,0.023000000000000013,0.001,23,2.2933223247528076,0.002296800994873047,2.2956191257476806,45.93601989746094,0.20781368017196655,1.212488732849453,1028.3659115755402,,6000,
24,0.024000000000000014,0.001,24,2.293114423751831,0.0022968019485473633,2.2954112257003785,45.936038970947266,0.2077331840991974,1.2124321305717514,1028.0155673599768,,6000,
25,0.025000000000000015,0.001,25,2.2929067611694336,0.00229680290222168,2.2952035640716555,45.936058044433594,0.20772035419940948,1.2123755827756075,1028.0000215305658,,6000,
26,0.026000000000000016,0.001,26,2.292698860168457,0.0022968034744262696,2.2949956636428834,45.93606948852539,0.20756889879703522,1.212318959613714,1027.2984538483522,,6000,
27,0.027000000000000017,0.001,27,2.2924914360046387,0.0022968048095703126,2.294788240814209,45.93609619140625,0.20754843950271606,1.2122624559068662,1027.2450746523552,,6000,
28,0.028000000000000018,0.001,28,2.292283773422241,0.0022968055725097656,2.294580578994751,45.93611145019531,0.20752637088298798,1.2122058768310342,1027.183788741429,,6000,
29,0.02900000000000002,0.001,29,2.292076587677002,0.002296806335449219,2.2943733940124513,45.936126708984375,0.2074805498123169,1.2121494172788132,1027.0048239338128,,6000,
30,0.03000000000000002,0.001,30,2.2918689250946045,0.002296807289123535,2.294165732383728,45.9361457824707,0.20747573673725128,1.2120928173657244,1027.0289556941564,,6000,
31,0.03100000000000002,0.001,31,2.291661500930786,0.0022968088150024414,2.2939583097457885,45.93617630004883,0.2074076384305954,1.212036272020247,1026.7397596189958,,6000,
32,0.03200000000000002,0.001,32,2.2914540767669678,0.0022968099594116212,2.2937508867263796,45.93619918823242,0.20735670626163483,1.2119797162640717,1026.5355276777009,,6000,
33,0.03300000000000002,0.001,33,2.2912466526031494,0.0022968109130859374,2.2935434635162353,45.93621826171875,0.20720002055168152,1.2119231500955867,1025.8077199136228,,6000,
34,0.03400000000000002,0.001,34,2.29103946685791,0.002296811866760254,2.2933362787246705,45.93623733520508,0.20720575749874115,1.2118666385497125,1025.8839590470727,,6000,
35,0.035000000000000024,0.001,35,2.290832281112671,0.0022968135833740235,2.2931290946960448,45.93627166748047,0.20712418854236603,1.2118101166122355,1025.527938922018,,6000,
36,0.036000000000000025,0.001,36,2.2906253337860107,0.0022968149185180666,2.2929221487045286,45.93629837036133,0.20714204013347626,1.2117536493419885,1025.6641203232657,,6000,
37,0.037000000000000026,0.001,37,2.2904179096221924,0.0022968162536621097,2.2927147258758547,45.93632507324219,0.20708340406417847,1.2116970415560453,1025.4216869172744,,6000,
38,0.03800000000000003,0.001,38,2.2902112007141113,0.002296817398071289,2.2925080181121826,45.93634796142578,0.20705582201480865,1.2116406186028374,1025.3328528399854,,6000,
39,0.03900000000000003,0.001,39,2.290004014968872,0.0022968189239501954,2.2923008338928224,45.936378479003906,0.20690743625164032,1.2115840551068113,1024.6458859186605,,6000,
40,0.04000000000000003,0.001,40,2.289797067642212,0.0022968202590942384,2.292093887901306,45.936405181884766,0.20688800513744354,1.2115275463194242,1024.5974469138318,,6000,
41,0.04100000000000003,0.001,41,2.2895901203155518,0.002296821975708008,2.2918869422912596,45.936439514160156,0.2068754881620407,1.211471027154721,1024.5832555215698,,6000,
42,0.04200000000000003,0.001,42,2.2893834114074707,0.002296823310852051,2.291680234718323,45.936466217041016,0.20671024918556213,1.2114145627432746,1023.8126016124271,,6000,
43,0.04300000000000003,0.001,43,2.2891767024993896,0.0022968250274658206,2.2914735275268554,45.936500549316406,0.20670652389526367,1.211358087975214,1023.8418810119498,,6000,
44,0.04400000000000003,0.001,44,2.2889699935913086,0.002296826553344727,2.2912668201446533,45.93653106689453,0.20668156445026398,1.2113016028489432,1023.7659917108446,,6000,
45,0.04500000000000003,0.001,45,2.2887632846832275,0.0022968284606933597,2.2910601131439208,45.93656921386719,0.20668786764144897,1.2112451073628647,1023.8449660686032,,6000,
46,0.046000000000000034,0.001,46,2.2885565757751465,0.0022968299865722655,2.2908534057617187,45.93659973144531,0.20671354234218597,1.2111886015153819,1024.019919359656,,6000,
47,0.047000000000000035,0.001,47,2.2883498668670654,0.0022968318939208987,2.290646698760986,45.93663787841797,0.2066800445318222,1.2111320853048975,1023.9017545957823,,6000,
48,0.048000000000000036,0.001,48,2.2881431579589844,0.0022968336105346683,2.290439991569519,45.93667221069336,0.20663481950759888,1.2110755587298145,1023.725487735806,,6000,
49,0.04900000000000004,0.001,49,2.2879364490509033,0.002296835517883301,2.2902332845687865,45.936710357666016,0.2065846174955368,1.2110190217885357,1023.5245546701741,,6000,
50,0.05000000000000004,0.001,50,2.2877302169799805,0.0022968372344970706,2.2900270542144776,45.936744689941406,0.2064291536808014,1.2109626049350148,1022.8019569202761,,6000,
51,0.05100000000000004,0.001,51,2.2875237464904785,0.0022968393325805666,2.289820585823059,45.93678665161133,0.20637866854667664,1.21090611252019,1022.5995215293073,,6000,
52,0.05200000000000004,0.001,52,2.2873172760009766,0.0022968414306640626,2.2896141174316407,45.93682861328125,0.20637062191963196,1.2108496097582926,1022.6073672063729,,6000,
53,0.05300000000000004,0.001,53,2.2871110439300537,0.002296843147277832,2.2894078870773313,45.93686294555664,0.2063545286655426,1.2107931619113321,1022.5752927434563,,6000,
54,0.05400000000000004,0.001,54,2.2869045734405518,0.002296845245361328,2.289201418685913,45.93690490722656,0.20633171498775482,1.2107366384624656,1022.5099750005693,,6000,
55,0.05500000000000004,0.001,55,2.286698341369629,0.0022968473434448245,2.288995188713074,45.936946868896484,0.20635101199150085,1.2106801699492467,1022.6533007482135,,6000,
56,0.05600000000000004,0.001,56,2.286491870880127,0.0022968496322631838,2.28878872051239,45.93699264526367,0.2062956839799881,1.2106236258070484,1022.4268529823054,,6000,
57,0.057000000000000044,0.001,57,2.286285877227783,0.0022968513488769533,2.2885827285766602,45.93702697753906,0.20624598860740662,1.2105672019325984,1022.2281998627446,,6000,
58,0.058000000000000045,0.001,58,2.2860794067382812,0.002296854019165039,2.2883762607574463,45.93708038330078,0.2060900330543518,1.210510637102666,1021.5029595161147,,6000,
59,0.059000000000000045,0.001,59,2.2858734130859375,0.0022968561172485354,2.288170269203186,45.9371223449707,0.20604920387268066,1.2104541925850882,1021.3482102910551,,6000,
60,0.060000000000000046,0.001,60,2.2856674194335938,0.0022968582153320314,2.2879642776489257,45.937164306640625,0.20592698454856873,1.210397737755505,1020.7900004692427,,6000,
61,0.06100000000000005,0.001,61,2.285461664199829,0.0022968605041503907,2.2877585247039796,45.93721008300781,0.20587942004203796,1.2103413379714711,1020.6017769520687,,6000,
62,0.06200000000000005,0.001,62,2.2852556705474854,0.002296863174438477,2.287552533721924,45.93726348876953,0.20592036843299866,1.2102848625250702,1020.8524033096373,,6000,
63,0.06300000000000004,0.001,63,2.2850499153137207,0.0022968656539916993,2.2873467809677126,45.937313079833984,0.20586317777633667,1.2102284421449236,1020.6164585496566,,6000,
64,0.06400000000000004,0.001,64,2.284843683242798,0.0022968677520751953,2.2871405509948732,45.937355041503906,0.20580323040485382,1.2101718806804347,1020.3669430286463,,6000,
65,0.06500000000000004,0.001,65,2.284637928009033,0.0022968706130981446,2.2869347986221316,45.93741226196289,0.20578357577323914,1.2101154396859295,1020.3170822776101,,6000,
66,0.06600000000000004,0.001,66,2.2844321727752686,0.002296873092651367,2.28672904586792,45.937461853027344,0.20578397810459137,1.210058988393807,1020.3666767241273,,6000,
67,0.06700000000000005,0.001,67,2.284226655960083,0.0022968753814697268,2.286523531341553,45.93750762939453,0.20575971901416779,1.2100025922332387,1020.2939415249076,,6000,
68,0.06800000000000005,0.001,68,2.2840209007263184,0.0022968784332275394,2.2863177791595457,45.93756866455078,0.20572641491889954,1.2099461203530877,1020.1764101307135,,6000,
69,0.06900000000000005,0.001,69,2.2838151454925537,0.0022968807220458986,2.2861120262145995,45.93761444091797,0.20558442175388336,1.2098896381705906,1019.5198732244863,,6000,
70,0.07000000000000005,0.001,70,2.283609628677368,0.002296883773803711,2.285906512451172,45.93767547607422,0.2055283635854721,1.2098332111507188,1019.2894112568765,,6000,
71,0.07100000000000005,0.001,71,2.2834038734436035,0.0022968860626220704,2.2857007595062258,45.937721252441406,0.2054484337568283,1.2097767083707378,1018.9405978902431,,6000,
72,0.07200000000000005,0.001,72,2.283198595046997,0.002296889114379883,2.285495484161377,45.937782287597656,0.20545808970928192,1.2097203262645118,1019.0359800453122,,6000,
73,0.07300000000000005,0.001,73,2.2829930782318115,0.002296892166137695,2.2852899703979492,45.937843322753906,0.2054598331451416,1.2096638683950318,1019.0921883997909,,6000,
74,0.07400000000000005,0.001,74,2.282787799835205,0.002296894645690918,2.285084694480896,45.93789291381836,0.20541024208068848,1.209607465753466,1018.893721622683,,6000,
75,0.07500000000000005,0.001,75,2.2825822830200195,0.002296897888183594,2.284879180908203,45.937957763671875,0.20547445118427277,1.2095509873216546,1019.2598080016176,,6000,
76,0.07600000000000005,0.001,76,2.282376766204834,0.0022969005584716796,2.2846736667633056,45.938011169433594,0.20542915165424347,1.2094944986003524,1019.0826922750103,,6000,
77,0.07700000000000005,0.001,77,2.2821714878082275,0.0022969038009643555,2.2844683916091917,45.93807601928711,0.20544876158237457,1.209438065138048,1019.2275280781286,,6000,
78,0.07800000000000006,0.001,78,2.281965970993042,0.002296906661987305,2.284262877655029,45.938133239746094,0.20541802048683167,1.2093815558449885,1019.1226391408318,,6000,
79,0.07900000000000006,0.001,79,2.2817606925964355,0.0022969095230102542,2.2840576021194456,45.93819046020508,0.20529694855213165,1.2093251018316533,1018.5695223287134,,6000,
80,0.08000000000000006,0.001,80,2.281555414199829,0.0022969129562377933,2.2838523271560667,45.93825912475586,0.20533634722232819,1.2092686375464148,1018.8125657783638,,6000,
81,0.08100000000000006,0.001,81,2.2813498973846436,0.0022969161987304687,2.283646813583374,45.938323974609375,0.20533283054828644,1.209212097389909,1018.8427538468983,,6000,
82,0.08200000000000006,0.001,82,2.281144618988037,0.002296918869018555,2.2834415378570556,45.938377380371094,0.20529572665691376,1.209155612544225,1018.7062336415613,,6000,
83,0.08300000000000006,0.001,83,2.2809393405914307,0.0022969221115112307,2.283236262702942,45.93844223022461,0.20532411336898804,1.209099117421933,1018.8946980961388,,6000,
84,0.08400000000000006,0.001,84,2.280734062194824,0.002296925735473633,2.2830309879302977,45.938514709472656,0.205243781208992,1.209042612021464,1018.5436600906918,,6000,
85,0.08500000000000006,0.001,85,2.2805287837982178,0.002296929168701172,2.282825712966919,45.93858337402344,0.20520837604999542,1.2089860963412509,1018.4155632774434,,6000,
86,0.08600000000000006,0.001,86,2.2803235054016113,0.002296932411193848,2.282620437812805,45.93864822387695,0.20512600243091583,1.2089295703797254,1018.0543554732589,,6000,
87,0.08700000000000006,0.001,87,2.280118465423584,0.00229693603515625,2.2824154014587403,45.938720703125,0.20516462624073029,1.2088730998047506,1018.2936138153814,,6000,
88,0.08800000000000006,0.001,88,2.2799134254455566,0.002296939277648926,2.2822103647232055,45.938785552978516,0.20513227581977844,1.2088166189692044,1018.1806202897894,,6000,
89,0.08900000000000007,0.001,89,2.27970814704895,0.002296942710876465,2.2820050897598265,45.9388542175293,0.20508520305156708,1.2087600621782273,1017.9946019162636,,6000,
90,0.09000000000000007,0.001,90,2.279503345489502,0.0022969465255737306,2.2818002920150757,45.93893051147461,0.20504054427146912,1.2087036265101467,1017.8204471685575,,6000,
91,0.09100000000000007,0.001,91,2.2792980670928955,0.0022969497680664064,2.2815950168609618,45.938995361328125,0.20506149530410767,1.2086470491663392,1017.9720975393845,,6000,
92,0.09200000000000007,0.001,92,2.279093027114868,0.0022969533920288087,2.281389980506897,45.93906784057617,0.2051776945590973,1.2085905272609387,1018.5965714497053,,6000,
93,0.09300000000000007,0.001,93,2.2788877487182617,0.0022969572067260743,2.281184705924988,45.939144134521484,0.205160453915596,1.2085339293460864,1018.558679738206,,6000,
94,0.09400000000000007,0.001,94,2.2786827087402344,0.0022969606399536133,2.280979669380188,45.939212799072266,0.20513486862182617,1.2084773868904026,1018.4793071701719,,6000,
95,0.09500000000000007,0.001,95,2.278477430343628,0.002296964645385742,2.2807743949890136,45.939292907714844,0.20510610938072205,1.2084207683982369,1018.3842321044702,,6000,
96,0.09600000000000007,0.001,96,2.2782723903656006,0.002296968460083008,2.2805693588256837,45.939369201660156,0.2050713151693344,1.2083642053860084,1018.2591353928345,,6000,
97,0.09700000000000007,0.001,97,2.2780673503875732,0.0022969720840454104,2.280364322471619,45.9394416809082,0.20506441593170166,1.208307632099134,1018.2725515460988,,6000,
98,0.09800000000000007,0.001,98,2.277862310409546,0.0022969755172729494,2.280159285926819,45.939510345458984,0.2050524652004242,1.2082510485360487,1018.2608926292507,,6000,
99,0.09900000000000007,0.001,99,2.2776572704315186,0.0022969797134399414,2.2799542501449586,45.93959426879883,0.2049974799156189,1.2081944546951897,1018.0355279018568,,6000,
100,0.10000000000000007,0.001,100,2.2774524688720703,0.002296984100341797,2.2797494529724123,45.93968200683594,0.2048892378807068,1.208137916399707,1017.5456051803283,,6000,2.28869482421875
101,0.10100000000000008,0.001,101,2.277247428894043,0.0022969877243041994,2.279544416618347,45.939754486083984,0.20488010346889496,1.2080813020105634,1017.5479239414807,,6000,
102,0.10200000000000008,0.001,102,2.2770426273345947,0.002296991729736328,2.279339619064331,45.93983459472656,0.20480890572071075,1.2080247431875684,1017.2419408246029,,6000,
103,0.10300000000000008,0.001,103,2.2768378257751465,0.0022969955444335937,2.27913482131958,45.939910888671875,0.20482102036476135,1.207968174104449,1017.3497518671439,,6000,
104,0.10400000000000008,0.001,104,2.276632785797119,0.0022969999313354494,2.2789297857284545,45.939998626708984,0.20482400059700012,1.207911528887141,1017.41226421958,,6000,
105,0.10500000000000008,0.001,105,2.27642822265625,0.0022970041275024414,2.2787252267837523,45.94008255004883,0.2047986090183258,1.2078550051516008,1017.3337435942705,,6000,
106,0.10600000000000008,0.001,106,2.2762234210968018,0.002297007942199707,2.2785204290390015,45.94015884399414,0.20472081005573273,1.207798405278754,1016.994934722492,,6000,
107,0.10700000000000008,0.001,107,2.2760186195373535,0.002297012519836426,2.27831563205719,45.940250396728516,0.2047799527645111,1.2077417951395466,1017.3364220165129,,6000,
108,0.10800000000000008,0.001,108,2.2758138179779053,0.0022970169067382815,2.2781108348846435,45.940338134765625,0.20476163923740387,1.2076851747324189,1017.2931332842036,,6000,
109,0.10900000000000008,0.001,109,2.275609254837036,0.0022970211029052735,2.2779062759399413,45.94042205810547,0.20477385818958282,1.2076286099880658,1017.4014916304764,,6000,
110,0.11000000000000008,0.001,110,2.275404214859009,0.002297025299072266,2.277701240158081,45.94050598144531,0.20480626821517944,1.2075719031081662,1017.6103022339081,,6000,
111,0.11100000000000008,0.001,111,2.2751996517181396,0.002297029685974121,2.2774966814041138,45.94059371948242,0.20482364296913147,1.2075153178440927,1017.7443214624815,,6000,
112,0.11200000000000009,0.001,112,2.2749948501586914,0.00229703426361084,2.2772918844223025,45.9406852722168,0.20479026436805725,1.2074586563616516,1017.6262182846261,,6000,
113,0.11300000000000009,0.001,113,2.274790048599243,0.0022970388412475585,2.2770870874404907,45.94077682495117,0.20469656586647034,1.2074019846034945,1017.2083621364518,,6000,
114,0.11400000000000009,0.001,114,2.274585247039795,0.0022970428466796877,2.2768822898864745,45.94085693359375,0.20460325479507446,1.2073453025680612,1016.7924007815011,,6000,
115,0.11500000000000009,0.001,115,2.274380683898926,0.002297047424316406,2.2766777313232422,45.940948486328125,0.20459993183612823,1.207288676257806,1016.8235776234733,,6000,
116,0.11600000000000009,0.001,116,2.2741761207580566,0.0022970523834228516,2.2764731731414796,45.94104766845703,0.20458000898361206,1.207232039691078,1016.772263777704,,6000,
117,0.11700000000000009,0.001,117,2.2739717960357666,0.0022970569610595705,2.276268852996826,45.941139221191406,0.20461758971214294,1.207175458894235,1017.0067070427592,,6000,
118,0.11800000000000009,0.001,118,2.2737669944763184,0.0022970615386962894,2.2760640560150147,45.94123077392578,0.204634889960289,1.207118735781986,1017.140487813193,,6000,
119,0.11900000000000009,0.001,119,2.273562431335449,0.002297066116333008,2.275859497451782,45.941322326660156,0.2044985592365265,1.207062068436512,1016.5105734856377,,6000,
120,0.12000000000000009,0.001,120,2.27335786819458,0.0022970712661743165,2.2756549394607544,45.94142532348633,0.2044343203306198,1.2070053908283458,1016.2389756535566,,6000,
121,0.1210000000000001,0.001,121,2.27315354347229,0.002297075653076172,2.2754506191253663,45.94151306152344,0.20437166094779968,1.2069487690316891,1015.9751574796152,,6000,
122,0.1220000000000001,0.001,122,2.27294921875,0.002297080421447754,2.2752462991714477,45.94160842895508,0.2044479101896286,1.2068921369931478,1016.401900002383,,6000,
123,0.1230000000000001,0.001,123,2.272744655609131,0.0022970855712890624,2.27504174118042,45.94171142578125,0.20446747541427612,1.2068354286115097,1016.5469320842878,,6000,
124,0.1240000000000001,0.001,124,2.2725400924682617,0.002297090530395508,2.2748371829986573,45.941810607910156,0.20442715287208557,1.2067787099609624,1016.3942296199367,,6000,
125,0.12500000000000008,0.001,125,2.2723357677459717,0.002297095489501953,2.2746328632354738,45.94190979003906,0.2044147253036499,1.2067220471635522,1016.3801636879086,,6000,
126,0.12600000000000008,0.001,126,2.2721314430236816,0.002297100067138672,2.27442854309082,45.94200134277344,0.20443382859230042,1.2066653741180535,1016.522888501977,,6000,
127,0.12700000000000009,0.001,127,2.2719268798828125,0.0022971052169799807,2.2742239850997925,45.94210433959961,0.204396054148674,1.206608624675394,1016.3828600363006,,6000,
128,0.12800000000000009,0.001,128,2.2717225551605225,0.0022971103668212893,2.274019665527344,45.94220733642578,0.20435282588005066,1.2065519311171053,1016.2156502829381,,6000,
129,0.1290000000000001,0.001,129,2.2715182304382324,0.002297115516662598,2.273815345954895,45.94231033325195,0.2043900191783905,1.2064952273060745,1016.4483765166475,,6000,
130,0.1300000000000001,0.001,130,2.2713139057159424,0.0022971206665039065,2.2736110263824463,45.942413330078125,0.20441974699497223,1.2064385132407522,1016.6440050683909,,6000,
131,0.1310000000000001,0.001,131,2.2711093425750732,0.002297125816345215,2.2734064683914186,45.9425163269043,0.20443585515022278,1.2063817227241898,1016.7719783846334,,6000,
132,0.1320000000000001,0.001,132,2.270905017852783,0.00229713134765625,2.2732021492004395,45.942626953125,0.2044297456741333,1.206324988133662,1016.7894109053254,,6000,
133,0.1330000000000001,0.001,133,2.270700454711914,0.002297136688232422,2.2729975914001463,45.94273376464844,0.20429760217666626,1.2062681770648354,1016.1800140020714,,6000,
134,0.1340000000000001,0.001,134,2.270496368408203,0.0022971416473388673,2.272793510055542,45.942832946777344,0.20433005690574646,1.2062114881742174,1016.3892098973328,,6000,
135,0.1350000000000001,0.001,135,2.270291805267334,0.002297146987915039,2.272588952255249,45.94293975830078,0.20429052412509918,1.2061546565588976,1016.2404448593537,,6000,
136,0.1360000000000001,0.001,136,2.270087480545044,0.002297152328491211,2.272384632873535,45.94304656982422,0.2043028324842453,1.2060978809113032,1016.349513838188,,6000,
137,0.1370000000000001,0.001,137,2.269883394241333,0.002297157859802246,2.272180552101135,45.94315719604492,0.20428161323070526,1.2060411612658146,1016.2917475368706,,6000,
138,0.1380000000000001,0.001,138,2.269679069519043,0.002297163200378418,2.2719762327194215,45.94326400756836,0.20423924922943115,1.2059843650983462,1016.1288411700549,,6000,
139,0.1390000000000001,0.001,139,2.269474983215332,0.0022971689224243167,2.2717721521377565,45.94337844848633,0.2042708843946457,1.2059276249538318,1016.3340494126224,,6000,
140,0.1400000000000001,0.001,140,2.269270658493042,0.002297174644470215,2.2715678331375124,45.9434928894043,0.2042676955461502,1.2058708082602907,1016.3660691356172,,6000,
141,0.1410000000000001,0.001,141,2.269066333770752,0.0022971797943115236,2.2713635135650634,45.94359588623047,0.20429515838623047,1.2058139812953956,1016.5506200222919,,6000,
142,0.1420000000000001,0.001,142,2.268862009048462,0.002297186088562012,2.271159195137024,45.943721771240234,0.20425556600093842,1.2057571440575947,1016.4015216874312,,6000,
143,0.1430000000000001,0.001,143,2.268657922744751,0.002297191429138184,2.2709551141738893,45.94382858276367,0.20421062409877777,1.2057003628844778,1016.2257409140908,,6000,
144,0.1440000000000001,0.001,144,2.268453598022461,0.002297196960449219,2.27075079498291,45.943939208984375,0.20425905287265778,1.2056435051082022,1016.514676223431,,6000,
145,0.1450000000000001,0.001,145,2.268249273300171,0.0022972032546997073,2.2705464765548706,45.94406509399414,0.20422717928886414,1.205586637054367,1016.4039962545852,,6000,
146,0.1460000000000001,0.001,146,2.26804518699646,0.0022972087860107424,2.2703423957824707,45.944175720214844,0.20418702065944672,1.2055298250965278,1016.2520233446598,,6000,
147,0.1470000000000001,0.001,147,2.267841100692749,0.0022972143173217775,2.2701383150100707,45.94428634643555,0.20424693822860718,1.2054730028820053,1016.5981539543413,,6000,
148,0.1480000000000001,0.001,148,2.267636775970459,0.002297220802307129,2.269933996772766,45.94441604614258,0.2042376548051834,1.2054161040101772,1016.5999315542199,,6000,
149,0.1490000000000001,0.001,149,2.26743221282959,0.002297226333618164,2.269729439163208,45.94452667236328,0.20423609018325806,1.205359128443495,1016.6401964217534,,6000,
150,0.1500000000000001,0.001,150,2.267228126525879,0.002297232437133789,2.269525358963013,45.94464874267578,0.20427078008651733,1.2053022754136755,1016.8608369203099,,6000,
151,0.1510000000000001,0.001,151,2.267024040222168,0.002297238349914551,2.2693212785720824,45.944766998291016,0.20429962873458862,1.2052454121209797,1017.0524277295395,,6000,
152,0.1520000000000001,0.001,152,2.266819715499878,0.0022972440719604493,2.2691169595718383,45.944881439208984,0.2043619602918625,1.2051884721167854,1017.4107951742475,,6000,
153,0.1530000000000001,0.001,153,2.266615152359009,0.002297250556945801,2.2689124029159546,45.945011138916016,0.20436537265777588,1.205131455363522,1017.4759197342338,,6000,
154,0.1540000000000001,0.001,154,2.266411066055298,0.0022972564697265625,2.2687083225250246,45.94512939453125,0.20431992411613464,1.2050745612369258,1017.2976711403535,,6000,
155,0.1550000000000001,0.001,155,2.2662065029144287,0.002297262954711914,2.2685037658691405,45.94525909423828,0.2043544054031372,1.2050175238750374,1017.5175116756019,,6000,
156,0.1560000000000001,0.001,156,2.2660021781921387,0.0022972686767578124,2.2682994468688964,45.94537353515625,0.20435619354248047,1.2049605426896217,1017.5745327875984,,6000,
157,0.1570000000000001,0.001,157,2.2657978534698486,0.0022972753524780273,2.268095128822327,45.94550704956055,0.20436051487922668,1.2049035512080197,1017.6441824293952,,6000,
158,0.1580000000000001,0.001,158,2.2655935287475586,0.0022972814559936525,2.267890810203552,45.94562911987305,0.20431719720363617,1.2048465494286784,1017.4766104473,,6000,
159,0.1590000000000001,0.001,159,2.2653892040252686,0.0022972877502441405,2.2676864917755126,45.94575500488281,0.20426896214485168,1.2047895373500443,1017.2845421324533,,6000,
160,0.16000000000000011,0.001,160,2.2651848793029785,0.002297294235229492,2.267482173538208,45.945884704589844,0.20429706573486328,1.2047325149705648,1017.4726581851485,,6000,
161,0.16100000000000012,0.001,161,2.2649807929992676,0.0022973005294799806,2.2672780935287475,45.94601058959961,0.20427937805652618,1.2046755488439105,1017.4326768028125,,6000,
162,0.16200000000000012,0.001,162,2.2647764682769775,0.0022973068237304686,2.267073775100708,45.946136474609375,0.2042664736509323,1.2046185058701027,1017.4165812107767,,6000,
163,0.16300000000000012,0.001,163,2.2645721435546875,0.0022973134994506835,2.2668694570541383,45.94626998901367,0.2042483538389206,1.2045614525907902,1017.3745145154028,,6000,
164,0.16400000000000012,0.001,164,2.2643678188323975,0.0022973201751708985,2.2666651390075683,45.94640350341797,0.20430582761764526,1.2045043890044194,1017.7090070373948,,6000,
165,0.16500000000000012,0.001,165,2.2641637325286865,0.0022973262786865237,2.2664610588073733,45.94652557373047,0.20429250597953796,1.2044473817127548,1017.6908136361864,,6000,
166,0.16600000000000012,0.001,166,2.2639594078063965,0.002297333145141602,2.266256740951538,45.94666290283203,0.20429454743862152,1.204390297519637,1017.7492189667391,,6000,
167,0.16700000000000012,0.001,167,2.2637550830841064,0.00229734001159668,2.266052423095703,45.946800231933594,0.2043459266424179,1.2043332030148017,1018.0534396837006,,6000,
168,0.16800000000000012,0.001,168,2.2635507583618164,0.002297346496582031,2.2658481048583985,45.946929931640625,0.2043372243642807,1.2042760981966936,1018.058357233491,,6000,
169,0.16900000000000012,0.001,169,2.2633464336395264,0.002297353553771973,2.2656437871932984,45.94707107543945,0.20436754822731018,1.2042189830637593,1018.2577310350684,,6000,
170,0.17000000000000012,0.001,170,2.2631421089172363,0.002297360038757324,2.265439468955994,45.947200775146484,0.20435160398483276,1.2041618576144446,1018.226591513231,,6000,
171,0.17100000000000012,0.001,171,2.262937545776367,0.0022973669052124023,2.2652349126815796,45.94733810424805,0.20436924695968628,1.2041046551716605,1018.3628777544299,,6000,
172,0.17200000000000013,0.001,172,2.2627334594726562,0.0022973735809326172,2.2650308330535887,45.947471618652344,0.20440007746219635,1.2040475757604554,1018.5647888528034,,6000,
173,0.17300000000000013,0.001,173,2.262528896331787,0.0022973806381225586,2.2648262769699095,45.94761276245117,0.20441819727420807,1.2039903526530515,1018.7034978665531,,6000,
174,0.17400000000000013,0.001,174,2.262324571609497,0.0022973875045776367,2.264621959114075,45.947750091552734,0.2044045478105545,1.203933185910624,1018.6838449308872,,6000,
175,0.17500000000000013,0.001,175,2.262120008468628,0.002297394371032715,2.2644174028396606,45.9478874206543,0.20443247258663177,1.2038759421203125,1018.8714572694798,,6000,
176,0.17600000000000013,0.001,176,2.261915683746338,0.0022974014282226562,2.2642130851745605,45.948028564453125,0.20440709590911865,1.2038187547159704,1018.7933778653244,,6000,
177,0.17700000000000013,0.001,177,2.261711359024048,0.0022974084854125976,2.2640087675094605,45.94816970825195,0.20440536737442017,1.2037615569843618,1018.8331710134964,,6000,
178,0.17800000000000013,0.001,178,2.2615067958831787,0.002297415542602539,2.2638042114257813,45.94831085205078,0.20445789396762848,1.203704282164035,1019.1434740103349,,6000,
179,0.17900000000000013,0.001,179,2.2613024711608887,0.002297422409057617,2.263599893569946,45.948448181152344,0.20448286831378937,1.2036470637611734,1019.3164149372079,,6000,
180,0.18000000000000013,0.001,180,2.2610979080200195,0.0022974298477172854,2.263395337867737,45.9485969543457,0.2044961303472519,1.2035897682423553,1019.4310507269507,,6000,
181,0.18100000000000013,0.001,181,2.2608935832977295,0.00229743709564209,2.2631910203933714,45.9487419128418,0.20452728867530823,1.2035325291620125,1019.6348684536932,,6000,
182,0.18200000000000013,0.001,182,2.2606890201568604,0.002297444534301758,2.262986464691162,45.948890686035156,0.2044929414987564,1.203475212938468,1019.5121892014165,,6000,
183,0.18300000000000013,0.001,183,2.260484457015991,0.002297451972961426,2.2627819089889525,45.949039459228516,0.20457905530929565,1.2034178863541836,1019.9901013391703,,6000,
184,0.18400000000000014,0.001,184,2.260279893875122,0.0022974590301513675,2.2625773529052733,45.949180603027344,0.2046108990907669,1.2033605494075978,1020.1974754357442,,6000,
185,0.18500000000000014,0.001,185,2.260075092315674,0.002297466278076172,2.26237255859375,45.94932556152344,0.20466959476470947,1.2033031352527461,1020.5388256802968,,6000,
186,0.18600000000000014,0.001,186,2.2598705291748047,0.0022974735260009767,2.2621680027008058,45.94947052001953,0.20468838512897491,1.2032457775647936,1020.6811722700734,,6000,
187,0.18700000000000014,0.001,187,2.2596659660339355,0.0022974813461303714,2.261963447380066,45.94962692260742,0.2046959549188614,1.2031884095098546,1020.7675870261191,,6000,
188,0.18800000000000014,0.001,188,2.2594611644744873,0.0022974889755249025,2.2617586534500123,45.94977951049805,0.20470453798770905,1.2031309642056989,1020.8591287791548,,6000,
189,0.18900000000000014,0.001,189,2.259256601333618,0.002297496032714844,2.261554097366333,45.949920654296875,0.2046182006597519,1.203073575400016,1020.4772418430886,,6000,
190,0.19000000000000014,0.001,190,2.25905179977417,0.002297504043579102,2.2613493038177492,45.95008087158203,0.20460717380046844,1.203016109317801,1020.4709922787112,,6000,
191,0.19100000000000014,0.001,191,2.258847236633301,0.0022975114822387697,2.2611447481155396,45.95022964477539,0.204703688621521,1.202958699755121,1021.0010800696215,,6000,
192,0.19200000000000014,0.001,192,2.2586426734924316,0.002297519302368164,2.2609401927948,45.95038604736328,0.20475128293037415,1.2029012798176433,1021.2872146652662,,6000,
193,0.19300000000000014,0.001,193,2.2584378719329834,0.0022975271224975587,2.260735399055481,45.95054244995117,0.20477209985256195,1.2028437825626543,1021.4398718491726,,6000,
194,0.19400000000000014,0.001,194,2.258233070373535,0.0022975345611572265,2.2605306049346923,45.95069122314453,0.2048467993736267,1.2027862749055376,1021.8613413578299,,6000,
195,0.19500000000000015,0.001,195,2.258028268814087,0.0022975425720214845,2.2603258113861084,45.95085144042969,0.20480114221572876,1.2027287568447251,1021.6824419481426,,6000,
196,0.19600000000000015,0.001,196,2.2578232288360596,0.0022975500106811523,2.2601207788467406,45.95100021362305,0.20481468737125397,1.2026711614011465,1021.7989452709865,,6000,
197,0.19700000000000015,0.001,197,2.2576186656951904,0.0022975580215454103,2.259916223716736,45.9511604309082,0.20477433502674103,1.2026136895057438,1021.6464529564779,,6000,
198,0.19800000000000015,0.001,198,2.257413864135742,0.0022975658416748046,2.259711429977417,45.951316833496094,0.20471787452697754,1.2025561402244394,1021.4136422209942,,6000,
199,0.19900000000000015,0.001,199,2.257209062576294,0.002297574043273926,2.2595066366195677,45.951480865478516,0.20470410585403442,1.202498580533169,1021.393833645634,,6000,
200,0.20000000000000015,0.001,200,2.257004499435425,0.0022975816726684573,2.259302081108093,45.95163345336914,0.20473039150238037,1.2024410774563286,1021.5738401193266,,6000,2.27137353515625
201,0.20100000000000015,0.001,201,2.2567996978759766,0.002297589874267578,2.259097287750244,45.95179748535156,0.20470933616161346,1.2023834969525458,1021.517693882783,,6000,
202,0.20200000000000015,0.001,202,2.2565951347351074,0.0022975982666015625,2.258892733001709,45.95196533203125,0.20468316972255707,1.202325973084293,1021.4359880997451,,6000,
203,0.20300000000000015,0.001,203,2.256390333175659,0.0022976062774658205,2.258687939453125,45.952125549316406,0.2046632468700409,1.2022683717617324,1021.385499329769,,6000,
204,0.20400000000000015,0.001,204,2.25618577003479,0.002297614288330078,2.25848338432312,45.95228576660156,0.2046433538198471,1.2022108270958085,1021.3351063267625,,6000,
205,0.20500000000000015,0.001,205,2.255981206893921,0.0022976226806640625,2.258278829574585,45.95245361328125,0.20473626255989075,1.202153272034761,1021.8477160405084,,6000,
206,0.20600000000000016,0.001,206,2.2557764053344727,0.002297630500793457,2.258074035835266,45.95261001586914,0.2046990990638733,1.202095639478352,1021.711213357544,,6000,
207,0.20700000000000016,0.001,207,2.2555716037750244,0.0022976388931274416,2.2578692426681517,45.95277786254883,0.2047501504421234,1.2020379964994385,1022.0150329942705,,6000,
208,0.20800000000000016,0.001,208,2.255366802215576,0.0022976470947265624,2.257664449310303,45.95294189453125,0.204738587141037,1.2019803430964524,1022.0063330500298,,6000,
209,0.20900000000000016,0.001,209,2.255162000656128,0.00229765567779541,2.2574596563339235,45.9531135559082,0.20468491315841675,1.2019226792678241,1021.787424544338,,6000,
210,0.21000000000000016,0.001,210,2.254957437515259,0.0022976638793945313,2.2572551013946534,45.953277587890625,0.20473936200141907,1.201865072159208,1022.1082220166114,,6000,
211,0.21100000000000016,0.001,211,2.2547526359558105,0.002297672462463379,2.257050308418274,45.95344924926758,0.20478717982769012,1.2018073874867314,1022.3960110078009,,6000,
212,0.21200000000000016,0.001,212,2.2545478343963623,0.0022976806640625,2.2568455150604247,45.95361328125,0.20485319197177887,1.2017496923839088,1022.7746756418732,,6000,
213,0.21300000000000016,0.001,213,2.254343032836914,0.002297689437866211,2.2566407222747804,45.95378875732422,0.20479853451251984,1.201691986849171,1022.5508870180637,,6000,
214,0.21400000000000016,0.001,214,2.254138231277466,0.0022976980209350587,2.256435929298401,45.95396041870117,0.20481930673122406,1.2016342708809482,1022.7037212299174,,6000,
215,0.21500000000000016,0.001,215,2.2539336681365967,0.002297706413269043,2.256231374549866,45.95412826538086,0.20481473207473755,1.2015766116856055,1022.7299537101559,,6000,
216,0.21600000000000016,0.001,216,2.2537286281585693,0.002297714996337891,2.256026343154907,45.95429992675781,0.2048424631357193,1.2015188076377719,1022.9176364127671,,6000,
217,0.21700000000000016,0.001,217,2.253523826599121,0.0022977237701416017,2.2558215503692627,45.95447540283203,0.2048511654138565,1.2014610603596796,1023.010260619835,,6000,
218,0.21800000000000017,0.001,218,2.253319025039673,0.0022977325439453126,2.2556167575836183,45.95465087890625,0.2048778086900711,1.2014033026418254,1023.1925028317557,,6000,
219,0.21900000000000017,0.001,219,2.2531139850616455,0.0022977413177490236,2.2554117263793945,45.95482635498047,0.20492030680179596,1.201345467226078,1023.454014147785,,6000,
220,0.22000000000000017,0.001,220,2.2529091835021973,0.0022977499008178712,2.255206933403015,45.95499801635742,0.20495672523975372,1.2012876886118327,1023.6851364551723,,6000,
221,0.22100000000000017,0.001,221,2.252704381942749,0.0022977588653564454,2.2550021408081053,45.955177307128906,0.2050250768661499,1.2012298995531148,1024.0757923645954,,6000,
222,0.22200000000000017,0.001,222,2.2524991035461426,0.002297767448425293,2.254796870994568,45.95534896850586,0.20508785545825958,1.2011719654622297,1024.4387715759178,,6000,
223,0.22300000000000017,0.001,223,2.2522940635681152,0.002297776412963867,2.254591839981079,45.955528259277344,0.2051585465669632,1.2011140881802826,1024.8412632198,,6000,
224,0.22400000000000017,0.001,224,2.252089023590088,0.0022977859497070314,2.254386809539795,45.955718994140625,0.2052210569381714,1.2010562004248044,1025.2029348780827,,6000,
225,0.22500000000000017,0.001,225,2.2518837451934814,0.0022977949142456056,2.254181540107727,45.95589828491211,0.2052367478609085,1.200998234864598,1025.3308051733172,,6000,
226,0.22600000000000017,0.001,226,2.251678466796875,0.0022978034973144532,2.2539762702941895,45.95606994628906,0.2052403837442398,1.2009402588033287,1025.3984687735456,,6000,
227,0.22700000000000017,0.001,227,2.2514731884002686,0.0022978124618530274,2.2537710008621215,45.95624923706055,0.20530010759830475,1.2008822722394155,1025.746381693816,,6000,
228,0.22800000000000017,0.001,228,2.251267910003662,0.0022978218078613284,2.2535657318115234,45.95643615722656,0.20527274906635284,1.2008242751712768,1025.659224137891,,6000,
229,0.22900000000000018,0.001,229,2.2510628700256348,0.002297830963134766,2.2533607009887695,45.95661926269531,0.2053682655096054,1.2007663349757534,1026.1859923667114,,6000,
230,0.23000000000000018,0.001,230,2.250857353210449,0.002297840118408203,2.2531551933288574,45.95680236816406,0.20546601712703705,1.200708249515998,1026.7241049265372,,6000,
231,0.23100000000000018,0.001,231,2.2506518363952637,0.002297849464416504,2.2529496858596803,45.95698928833008,0.2054973691701889,1.2006501535228469,1026.9304604704498,,6000,
232,0.23200000000000018,0.001,232,2.250446319580078,0.002297859001159668,2.2527441785812377,45.95718002319336,0.20545707643032074,1.2005920469947138,1026.778797733742,,6000,
233,0.23300000000000018,0.001,233,2.2502408027648926,0.002297867965698242,2.252538670730591,45.957359313964844,0.20547762513160706,1.2005339299300108,1026.9312012376997,,6000,
234,0.23400000000000018,0.001,234,2.250035524368286,0.00229787712097168,2.252333401489258,45.957542419433594,0.20545873045921326,1.2004758697666706,1026.8864321236897,,6000,
235,0.23500000000000018,0.001,235,2.2498300075531006,0.0022978870391845703,2.2521278945922854,45.957740783691406,0.20551474392414093,1.2004177316362934,1027.216135723036,,6000,
236,0.23600000000000018,0.001,236,2.249624252319336,0.002297896194458008,2.251922148513794,45.957923889160156,0.20557864010334015,1.2003595155006077,1027.5853398018207,,6000,
237,0.23700000000000018,0.001,237,2.2494189739227295,0.0022979055404663087,2.2517168794631957,45.95811080932617,0.20564135909080505,1.2003014237499605,1027.9485886887176,,6000,
238,0.23800000000000018,0.001,238,2.249213218688965,0.0022979148864746093,2.2515111335754394,45.95829772949219,0.20566043257713318,1.2002431865023855,1028.0938141033525,,6000,
239,0.23900000000000018,0.001,239,2.2490077018737793,0.0022979244232177736,2.2513056262969973,45.95848846435547,0.20562833547592163,1.200185006184925,1027.9831913392775,,6000,
240,0.24000000000000019,0.001,240,2.2488019466400146,0.002297934150695801,2.2510998807907106,45.958683013916016,0.20571206510066986,1.2001267478068507,1028.4516971724588,,6000,
241,0.2410000000000002,0.001,241,2.248596429824829,0.002297943878173828,2.250894373703003,45.95887756347656,0.20574946701526642,1.2000685463801957,1028.6885743445655,,6000,
242,0.2420000000000002,0.001,242,2.2483906745910645,0.0022979536056518556,2.2506886281967162,45.95907211303711,0.20567995309829712,1.2000102668652555,1028.3909668652466,,6000,
243,0.2430000000000002,0.001,243,2.2481849193573,0.0022979631423950195,2.250482882499695,45.95926284790039,0.20570994913578033,1.1999519767733653,1028.5909092241918,,6000,
244,0.2440000000000002,0.001,244,2.247979164123535,0.00229797306060791,2.2502771371841432,45.9594612121582,0.20568060874938965,1.1998936761029317,1028.4941716706517,,6000,
245,0.2450000000000002,0.001,245,2.2477734088897705,0.0022979827880859377,2.2500713916778565,45.95965576171875,0.2057897001504898,1.1998353648523612,1029.0896876963386,,6000,
246,0.2460000000000002,0.001,246,2.247567653656006,0.0022979928970336917,2.2498656465530393,45.95985794067383,0.2057902216911316,1.1997770430200594,1029.1423205087494,,6000,
247,0.2470000000000002,0.001,247,2.247361898422241,0.0022980026245117188,2.249659901046753,45.960052490234375,0.20576666295528412,1.1997187106044322,1029.0745379053885,,6000,
248,0.2480000000000002,0.001,248,2.2471561431884766,0.0022980123519897463,2.2494541555404663,45.96024703979492,0.20581720769405365,1.1996603676038855,1029.3773800586812,,6000,
249,0.2490000000000002,0.001,249,2.246950149536133,0.0022980226516723635,2.249248172187805,45.960453033447266,0.20582644641399384,1.1996019463935492,1029.4737201758544,,6000,
250,0.25000000000000017,0.001,250,2.246744394302368,0.002298032569885254,2.2490424268722533,45.96065139770508,0.20580483973026276,1.199543582206111,1029.4157350336295,,6000,
251,0.25100000000000017,0.001,251,2.2465386390686035,0.0022980424880981445,2.2488366815567016,45.96084976196289,0.20579275488853455,1.1994852074289681,1029.405382979121,,6000,
252,0.25200000000000017,0.001,252,2.246333122253418,0.0022980524063110352,2.248631174659729,45.9610481262207,0.20581406354904175,1.1994268897206173,1029.5620282299094,,6000,
253,0.25300000000000017,0.001,253,2.246127128601074,0.0022980627059936524,2.248425191307068,45.96125411987305,0.20586702227592468,1.1993684260991906,1029.8771476525378,,6000,
254,0.25400000000000017,0.001,254,2.2459211349487305,0.0022980728149414064,2.248219207763672,45.961456298828125,0.20590253174304962,1.1993099518587091,1030.1050104217281,,6000,
255,0.25500000000000017,0.001,255,2.245715379714966,0.0022980829238891604,2.248013462638855,45.9616584777832,0.20594127476215363,1.1992515346945232,1030.3490242250718,,6000,
256,0.25600000000000017,0.001,256,2.245509386062622,0.0022980930328369144,2.247807479095459,45.96186065673828,0.20598243176937103,1.1991930392234251,1030.6052071621166,,6000,
257,0.2570000000000002,0.001,257,2.2453033924102783,0.0022981033325195316,2.247601495742798,45.962066650390625,0.20602929592132568,1.1991345331284724,1030.8899805452547,,6000,
258,0.2580000000000002,0.001,258,2.2450973987579346,0.002298113822937012,2.2473955125808716,45.962276458740234,0.20610134303569794,1.1990760164080645,1031.30080269519,,6000,
259,0.2590000000000002,0.001,259,2.2448911666870117,0.0022981243133544924,2.247189291000366,45.962486267089844,0.20614542067050934,1.1990174213144573,1031.5717703810333,,6000,
260,0.2600000000000002,0.001,260,2.244685173034668,0.0022981346130371096,2.2469833076477053,45.96269226074219,0.20621638000011444,1.1989588833260338,1031.9772405941858,,6000,
261,0.2610000000000002,0.001,261,2.244478940963745,0.0022981454849243165,2.2467770864486694,45.96290969848633,0.20622554421424866,1.1989002669365867,1032.0735589184244,,6000,
262,0.2620000000000002,0.001,262,2.2442727088928223,0.0022981555938720705,2.2465708644866944,45.963111877441406,0.20631447434425354,1.1988416398906518,1032.569110777993,,6000,
263,0.2630000000000002,0.001,263,2.2440664768218994,0.002298166084289551,2.246364642906189,45.963321685791016,0.20629768073558807,1.198783002186623,1032.5355649485873,,6000,
264,0.2640000000000002,0.001,264,2.2438600063323975,0.0022981767654418946,2.2461581830978394,45.96353530883789,0.2063569277524948,1.198724286015148,1032.8826911740093,,6000,
265,0.2650000000000002,0.001,265,2.2436535358428955,0.002298187255859375,2.245951723098755,45.9637451171875,0.20646803081035614,1.1986655591576985,1033.4894294724265,,6000,
266,0.2660000000000002,0.001,266,2.2434473037719727,0.0022981975555419923,2.2457455013275145,45.963951110839844,0.20651395618915558,1.1986068894450912,1033.769910757464,,6000,
267,0.2670000000000002,0.001,267,2.2432408332824707,0.002298208427429199,2.2455390417099,45.964168548583984,0.20658914744853973,1.1985481412232006,1034.1969938948034,,6000,
268,0.2680000000000002,0.001,268,2.2430341243743896,0.002298219680786133,2.245332344055176,45.964393615722656,0.20661935210227966,1.1984893144533815,1034.3989701561084,,6000,
269,0.2690000000000002,0.001,269,2.2428274154663086,0.0022982294082641605,2.2451256448745727,45.9645881652832,0.2066822499036789,1.19843047696643,1034.7646553191007,,6000,
270,0.2700000000000002,0.001,270,2.2426207065582275,0.002298240852355957,2.2449189474105835,45.96481704711914,0.20680354535579681,1.1983716287607278,1035.4227706625127,,6000,
271,0.2710000000000002,0.001,271,2.2424139976501465,0.0022982515335083008,2.244712249183655,45.965030670166016,0.2068876028060913,1.1983127698346558,1035.8945077484461,,6000,
272,0.2720000000000002,0.001,272,2.2422072887420654,0.0022982625961303713,2.2445055513381957,45.96525192260742,0.2069074958562851,1.1982539001865962,1036.045010948338,,6000,
273,0.2730000000000002,0.001,273,2.2420003414154053,0.0022982736587524415,2.2442986150741575,45.96547317504883,0.20694008469581604,1.1981949518959683,1036.2591715231163,,6000,
274,0.2740000000000002,0.001,274,2.241793394088745,0.0022982845306396484,2.2440916786193847,45.96569061279297,0.20703119039535522,1.1981359928553577,1036.7664019605925,,6000,
275,0.2750000000000002,0.001,275,2.241586208343506,0.0022982952117919925,2.243884503555298,45.965904235839844,0.20705193281173706,1.1980769551193902,1036.92136933443,,6000,
276,0.2760000000000002,0.001,276,2.2413790225982666,0.002298306465148926,2.2436773290634155,45.966129302978516,0.207184299826622,1.1980179066053984,1037.635407706126,,6000,
277,0.2770000000000002,0.001,277,2.2411720752716064,0.0022983173370361328,2.243470392608643,45.966346740722656,0.2072601318359375,1.197958915280311,1038.0663102495828,,6000,
278,0.2780000000000002,0.001,278,2.240964889526367,0.0022983285903930666,2.2432632181167604,45.96657180786133,0.207327738404274,1.1978998452177865,1038.4561241841402,,6000,
279,0.2790000000000002,0.001,279,2.2407572269439697,0.00229833984375,2.24305556678772,45.966796875,0.20735490322113037,1.1978406283855825,1038.6435305701616,,6000,
280,0.2800000000000002,0.001,280,2.2405500411987305,0.002298351287841797,2.242848392486572,45.96702575683594,0.20739863812923431,1.197781536730778,1038.9138508277945,,6000,
281,0.2810000000000002,0.001,281,2.240342855453491,0.002298362350463867,2.242641217803955,45.967247009277344,0.2073773741722107,1.1977224342897947,1038.858594788756,,6000,
282,0.2820000000000002,0.001,282,2.2401351928710938,0.002298373603820801,2.2424335664749147,45.967472076416016,0.2073778659105301,1.1976631849997006,1038.9124513863148,,6000,
283,0.2830000000000002,0.001,283,2.2399280071258545,0.0022983848571777343,2.2422263919830323,45.96769714355469,0.20743168890476227,1.1976040609566343,1039.2333944111774,,6000,
284,0.2840000000000002,0.001,284,2.239720344543457,0.002298396110534668,2.2420187406539918,45.96792221069336,0.20746895670890808,1.1975447900114635,1039.4715509901994,,6000,
285,0.2850000000000002,0.001,285,2.2395129203796387,0.002298407554626465,2.2418113279342653,45.9681510925293,0.20751820504665375,1.1974855762918186,1039.7697099079699,,6000,
286,0.2860000000000002,0.001,286,2.239305257797241,0.002298419380187988,2.2416036771774293,45.968387603759766,0.20757819712162018,1.197426283672566,1040.1218009928805,,6000,
287,0.2870000000000002,0.001,287,2.239098072052002,0.0022984308242797852,2.241396502876282,45.9686164855957,0.2075919657945633,1.1973671163932935,1040.242192819883,,6000,
288,0.2880000000000002,0.001,288,2.2388904094696045,0.002298442077636719,2.2411888515472413,45.968841552734375,0.20766417682170868,1.1973078021058523,1040.655593105453,,6000,
289,0.2890000000000002,0.001,289,2.238682508468628,0.002298453712463379,2.240980962181091,45.96907424926758,0.20767620205879211,1.1972484088516429,1040.767482454143,,6000,
290,0.2900000000000002,0.001,290,2.2384748458862305,0.0022984655380249024,2.240773311424255,45.96931076049805,0.20774078369140625,1.1971890728520815,1041.1427320991274,,6000,
291,0.2910000000000002,0.001,291,2.238267183303833,0.002298476791381836,2.2405656600952146,45.96953582763672,0.20780442655086517,1.1971297260002236,1041.5133232644814,,6000,
292,0.2920000000000002,0.001,292,2.2380595207214355,0.002298488426208496,2.240358009147644,45.96976852416992,0.20783235132694244,1.197070368294426,1041.7049331346825,,6000,
293,0.2930000000000002,0.001,293,2.237851619720459,0.0022985004425048828,2.240150120162964,45.970008850097656,0.20786765217781067,1.1970109315654271,1041.9336032594063,,6000,
294,0.2940000000000002,0.001,294,2.2376439571380615,0.002298512077331543,2.239942469215393,45.97024154663086,0.2078908234834671,1.1969515521343554,1042.1014440196745,,6000,
295,0.2950000000000002,0.001,295,2.237435817718506,0.0022985239028930665,2.239734341621399,45.97047805786133,0.20793524384498596,1.1968920254592645,1042.3759508224557,,6000,
296,0.2960000000000002,0.001,296,2.2372279167175293,0.00229853572845459,2.239526452445984,45.9707145690918,0.20798835158348083,1.1968325560788027,1042.6939868593597,,6000,
297,0.2970000000000002,0.001,297,2.2370197772979736,0.0022985475540161135,2.2393183248519897,45.970951080322266,0.2080288827419281,1.1967730075936562,1042.949070986538,,6000,
298,0.2980000000000002,0.001,298,2.236811876296997,0.0022985595703125003,2.2391104358673095,45.97119140625,0.2080695927143097,1.1967135164248204,1043.2050270606983,,6000,
299,0.2990000000000002,0.001,299,2.2366037368774414,0.0022985717773437503,2.2389023086547852,45.971435546875,0.208137646317482,1.1966539461230066,1043.598178028757,,6000,
300,0.3000000000000002,0.001,300,2.2363955974578857,0.002298583793640137,2.238694181251526,45.971675872802734,0.2082001268863678,1.196594364904127,1043.9634331875652,,6000,2.253932373046875
301,0.3010000000000002,0.001,301,2.23618745803833,0.0022985958099365237,2.2384860538482667,45.97191619873047,0.20829631388187408,1.1965347727665265,1044.4977544627588,,6000,
302,0.3020000000000002,0.001,302,2.2359790802001953,0.0022986078262329105,2.2382776880264283,45.9721565246582,0.20828719437122345,1.196475101428453,1044.5041144068236,,6000,
303,0.3030000000000002,0.001,303,2.2357709407806396,0.0022986198425292968,2.238069560623169,45.97239685058594,0.20826832950115204,1.1964154874359334,1044.4615521360236,,6000,
304,0.3040000000000002,0.001,304,2.235562562942505,0.002298632049560547,2.2378611949920653,45.97264099121094,0.20834313333034515,1.1963557942145884,1044.8888249024103,,6000,
305,0.3050000000000002,0.001,305,2.235354423522949,0.002298644256591797,2.237653067779541,45.97288513183594,0.20838198065757751,1.1962961583605214,1045.1357510492576,,6000,
306,0.3060000000000002,0.001,306,2.2351458072662354,0.0022986566543579104,2.237444463920593,45.9731330871582,0.2084703892469406,1.1962363749190694,1045.6314167559628,,6000,
307,0.3070000000000002,0.001,307,2.2349374294281006,0.0022986688613891603,2.2372360982894897,45.9733772277832,0.2085026651620865,1.196176648841573,1045.8455213818581,,6000,
308,0.3080000000000002,0.001,308,2.2347288131713867,0.0022986812591552735,2.237027494430542,45.97362518310547,0.20863834023475647,1.1961168434534208,1046.5783909490508,,6000,
309,0.3090000000000002,0.001,309,2.234520196914673,0.0022986934661865235,2.2368188903808592,45.97386932373047,0.20871186256408691,1.1960570270831448,1046.9995552289572,,6000,
310,0.3100000000000002,0.001,310,2.234311580657959,0.0022987060546875,2.2366102867126463,45.97412109375,0.20876216888427734,1.195997199729078,1047.3043027102422,,6000,
311,0.3110000000000002,0.001,311,2.234102964401245,0.0022987184524536136,2.236401682853699,45.974369049072266,0.20882080495357513,1.1959373613895528,1047.6508805324759,,6000,
312,0.3120000000000002,0.001,312,2.233894109725952,0.002298730850219727,2.2361928405761717,45.97461700439453,0.20882336795330048,1.1958774436573854,1047.716230760153,,6000,
313,0.3130000000000002,0.001,313,2.233685255050659,0.0022987434387207032,2.2359839984893797,45.97486877441406,0.2088817059993744,1.1958175149112917,1048.0614478114733,,6000,
314,0.3140000000000002,0.001,314,2.233476161956787,0.002298756217956543,2.2357749181747435,45.97512435913086,0.20893757045269012,1.1957575067189175,1048.3943572773455,,6000,
315,0.3150000000000002,0.001,315,2.233267307281494,0.0022987688064575198,2.235566076087952,45.97537612915039,0.20896971225738525,1.1956975559273733,1048.6082097674444,,6000,
316,0.3160000000000002,0.001,316,2.233058452606201,0.002298781394958496,2.23535723400116,45.97562789916992,0.20902259647846222,1.1956375941168806,1048.9261838551508,,6000,
317,0.3170000000000002,0.001,317,2.232849359512329,0.0022987945556640628,2.235148154067993,45.97589111328125,0.20903299748897552,1.195577552817332,1049.0310578166882,,6000,
318,0.3180000000000002,0.001,318,2.232640266418457,0.002298806953430176,2.234939073371887,45.976139068603516,0.2091137170791626,1.1955175004703067,1049.4888631754818,,6000,
319,0.31900000000000023,0.001,319,2.232431411743164,0.002298819351196289,2.2347302310943604,45.97638702392578,0.2092035710811615,1.1954575055677568,1049.9925096800732,,6000,
320,0.32000000000000023,0.001,320,2.232222080230713,0.002298832702636719,2.2345209129333496,45.976654052734375,0.20931924879550934,1.1953973626271082,1050.6259525392861,,6000,
321,0.32100000000000023,0.001,321,2.2320127487182617,0.002298845100402832,2.2343115938186644,45.97690200805664,0.20937302708625793,1.1953372086087242,1050.9487644743422,,6000,
322,0.32200000000000023,0.001,322,2.2318034172058105,0.002298858451843262,2.2341022756576536,45.977169036865234,0.20936138927936554,1.1952770435109201,1050.9432457486303,,6000,
323,0.32300000000000023,0.001,323,2.2315938472747803,0.0022988712310791017,2.2338927185058592,45.97742462158203,0.20943737030029297,1.1952167987879028,1051.3776438518348,,6000,
324,0.32400000000000023,0.001,324,2.231384515762329,0.0022988845825195315,2.2336834003448485,45.977691650390625,0.20949994027614594,1.1951566115135774,1051.7447082227814,,6000,
325,0.32500000000000023,0.001,325,2.231175184249878,0.002298897361755371,2.233474081611633,45.97794723510742,0.20957781374454498,1.195096413154773,1052.1886507447994,,6000,
326,0.32600000000000023,0.001,326,2.2309653759002686,0.0022989103317260745,2.2332642862319947,45.978206634521484,0.20964980125427246,1.195036066545792,1052.6032165385143,,6000,
327,0.32700000000000023,0.001,327,2.2307558059692383,0.0022989234924316406,2.23305472946167,45.97846984863281,0.209676593542099,1.194975777393056,1052.79084735689,,6000,
328,0.32800000000000024,0.001,328,2.230546236038208,0.002298936653137207,2.2328451726913454,45.97873306274414,0.2097257673740387,1.1949154771255026,1053.0908908062177,,6000,
329,0.32900000000000024,0.001,329,2.2303364276885986,0.002298950004577637,2.2326353776931764,45.979000091552734,0.20978263020515442,1.1948550971214744,1053.429645371435,,6000,
330,0.33000000000000024,0.001,330,2.2301266193389893,0.00229896297454834,2.2324255823135375,45.9792594909668,0.20984935760498047,1.1947947059739312,1053.8179817289504,,6000,
331,0.33100000000000024,0.001,331,2.22991681098938,0.0022989763259887697,2.2322157873153685,45.97952651977539,0.20989683270454407,1.194734303681175,1054.1096814136015,,6000,
332,0.33200000000000024,0.001,332,2.2297067642211914,0.0022989898681640628,2.2320057540893554,45.97979736328125,0.2099590301513672,1.194673821583531,1054.4754209466216,,6000,
333,0.33300000000000024,0.001,333,2.229496955871582,0.002299003219604492,2.2317959590911864,45.980064392089844,0.21005302667617798,1.1946133969825856,1055.0008590565305,,6000,
334,0.33400000000000024,0.001,334,2.2292866706848145,0.0022990163803100587,2.2315856870651247,45.98032760620117,0.21007438004016876,1.1945528238646506,1055.1616094826027,,6000,
335,0.33500000000000024,0.001,335,2.229076862335205,0.0022990297317504885,2.2313758920669557,45.980594635009766,0.21012839674949646,1.1944923769360427,1055.486334480379,,6000,
336,0.33600000000000024,0.001,336,2.2288668155670166,0.0022990434646606448,2.231165859031677,45.98086929321289,0.21014676988124847,1.1944318501450144,1055.6321142427748,,6000,
337,0.33700000000000024,0.001,337,2.228656530380249,0.002299057197570801,2.23095558757782,45.981143951416016,0.21018502116203308,1.1943712434517915,1055.8778385584103,,6000,
338,0.33800000000000024,0.001,338,2.2284462451934814,0.002299070358276367,2.230745315551758,45.981407165527344,0.2102472484111786,1.194310625550686,1056.2440486413766,,6000,
339,0.33900000000000025,0.001,339,2.228236198425293,0.0022990840911865235,2.2305352825164797,45.98168182373047,0.21029452979564667,1.194250065186823,1056.5351558733178,,6000,
340,0.34000000000000025,0.001,340,2.2280259132385254,0.0022990974426269533,2.2303250106811525,45.98194885253906,0.21023985743522644,1.1941894248775335,1056.3141142710435,,6000,
341,0.34100000000000025,0.001,341,2.227815628051758,0.0022991111755371095,2.230114739227295,45.98222351074219,0.21029368042945862,1.1941287733552322,1056.6382041289276,,6000,
342,0.34200000000000025,0.001,342,2.2276053428649902,0.002299124908447266,2.2299044677734376,45.98249816894531,0.21041609346866608,1.194068110618209,1057.3069907698648,,6000,
343,0.34300000000000025,0.001,343,2.2273948192596436,0.002299138641357422,2.229693957901001,45.98277282714844,0.21048234403133392,1.1940073678670564,1057.6936945070988,,6000,
344,0.34400000000000025,0.001,344,2.227184295654297,0.0022991523742675784,2.2294834480285646,45.98304748535156,0.21053557097911835,1.193946613872307,1058.0149993287819,,6000,
345,0.34500000000000025,0.001,345,2.22697377204895,0.002299166488647461,2.229272938537598,45.98332977294922,0.21060654520988464,1.1938858486322441,1058.4255376734513,,6000,
346,0.34600000000000025,0.001,346,2.2267632484436035,0.0022991802215576174,2.229062428665161,45.983604431152344,0.2106287181377411,1.1938250721451513,1058.5908591747104,,6000,
347,0.34700000000000025,0.001,347,2.2265524864196777,0.0022991943359375,2.228851680755615,45.98388671875,0.21069453656673431,1.1937642155606514,1058.9756359941564,,6000,
348,0.34800000000000025,0.001,348,2.226341962814331,0.0022992080688476564,2.228641170883179,45.984161376953125,0.21071699261665344,1.1937034165616065,1059.1424454004405,,6000,
349,0.34900000000000025,0.001,349,2.2261312007904053,0.002299221992492676,2.228430422782898,45.984439849853516,0.21076315641403198,1.1936425374362187,1059.4285129954692,,6000,
350,0.35000000000000026,0.001,350,2.2259204387664795,0.0022992361068725586,2.228219674873352,45.98472213745117,0.21082918345928192,1.1935816470314253,1059.8144700882674,,6000,
351,0.35100000000000026,0.001,351,2.2257096767425537,0.0022992504119873046,2.228008927154541,45.985008239746094,0.210910364985466,1.193520745345504,1060.2766603327589,,6000,
352,0.35200000000000026,0.001,352,2.225498676300049,0.0022992645263671878,2.227797940826416,45.98529052734375,0.21094121038913727,1.1934597634642685,1060.4859091864275,,6000,
353,0.35300000000000026,0.001,353,2.225287675857544,0.0022992784500122073,2.227586954307556,45.98556900024414,0.2109575718641281,1.193398770272912,1060.6223692482204,,6000,
354,0.35400000000000026,0.001,354,2.225076913833618,0.0022992929458618165,2.22737620677948,45.98585891723633,0.21102222800254822,1.1933378347077324,1061.001613449544,,6000,
355,0.35500000000000026,0.001,355,2.2248659133911133,0.002299307060241699,2.227165220451355,45.986141204833984,0.21106389164924622,1.1932768189037315,1061.2653575713548,,6000,
356,0.35600000000000026,0.001,356,2.2246546745300293,0.002299321746826172,2.2269539962768556,45.98643493652344,0.21114958822727203,1.1932157228208278,1061.750616534466,,6000,
357,0.35700000000000026,0.001,357,2.2244436740875244,0.0022993356704711916,2.2267430097579957,45.98671340942383,0.21120603382587433,1.1931546843716976,1062.0887798991116,,6000,
358,0.35800000000000026,0.001,358,2.2242324352264404,0.0022993499755859376,2.2265317852020265,45.98699951171875,0.21124759316444397,1.1930935656146096,1062.3521872182187,,6000,
359,0.35900000000000026,0.001,359,2.2240211963653564,0.0022993646621704104,2.226320561027527,45.9872932434082,0.21134915947914124,1.1930324355114268,1062.9174187801884,,6000,
360,0.36000000000000026,0.001,360,2.2238099575042725,0.0022993791580200196,2.2261093366622924,45.98758316040039,0.21139511466026306,1.1929712940604134,1063.2030244789332,,6000,
361,0.36100000000000027,0.001,361,2.2235984802246094,0.0022993932723999024,2.225897873497009,45.98786544799805,0.21146732568740845,1.1929100722322017,1063.6207905850226,,6000,
362,0.36200000000000027,0.001,362,2.2233870029449463,0.0022994079589843753,2.2256864109039305,45.9881591796875,0.21154437959194183,1.1928488390270486,1064.0629692752457,,6000,
363,0.36300000000000027,0.001,363,2.223175525665283,0.0022994224548339845,2.2254749481201173,45.98844909667969,0.21161304414272308,1.192787594443213,1064.4630031124843,,6000,
364,0.36400000000000027,0.001,364,2.222963809967041,0.0022994373321533206,2.2252632472991944,45.988746643066406,0.21169985830783844,1.192726269412818,1064.9544513447772,,6000,
365,0.36500000000000027,0.001,365,2.2227518558502197,0.0022994518280029298,2.2250513076782226,45.989036560058594,0.21169057488441467,1.1926648638955797,1064.9625789744837,,6000,
366,0.36600000000000027,0.001,366,2.2225403785705566,0.002299466896057129,2.224839845466614,45.98933792114258,0.21176962554454803,1.1926035851267407,1065.4150038734429,,6000,
367,0.36700000000000027,0.001,367,2.2223286628723145,0.002299481201171875,2.2246281440734865,45.9896240234375,0.21187327802181244,1.1925422258675629,1065.9913255533238,,6000,
368,0.36800000000000027,0.001,368,2.222116708755493,0.0022994962692260744,2.224416205024719,45.989925384521484,0.2119818776845932,1.1924807860777435,1066.5926704706155,,6000,
369,0.36900000000000027,0.001,369,2.2219045162200928,0.00229951114654541,2.224204027366638,45.9902229309082,0.2120477855205536,1.1924192657169252,1066.9793332786996,,6000,
370,0.3700000000000003,0.001,370,2.2216928005218506,0.002299525833129883,2.2239923263549803,45.990516662597656,0.2120731621980667,1.192357872174662,1067.1619677972049,,6000,
371,0.3710000000000003,0.001,371,2.22148060798645,0.002299540710449219,2.2237801486968993,45.990814208984375,0.21210671961307526,1.1922963289017097,1067.3859231377078,,6000,
372,0.3720000000000003,0.001,372,2.221268653869629,0.002299555969238281,2.2235682098388674,45.991119384765625,0.2121437042951584,1.1922348433262384,1067.6270978792802,,6000,
373,0.3730000000000003,0.001,373,2.2210564613342285,0.002299570655822754,2.2233560319900514,45.99141311645508,0.21228694915771484,1.1921732771212357,1068.4031586599308,,6000,
374,0.3740000000000003,0.001,374,2.220844030380249,0.0022995857238769534,2.223143616104126,45.99171447753906,0.21231839060783386,1.1921116302462647,1068.6166557940892,,6000,
375,0.3750000000000003,0.001,375,2.2206318378448486,0.0022996007919311523,2.2229314386367798,45.99201583862305,0.21241208910942078,1.1920500410763868,1069.1434845350223,,6000,
376,0.3760000000000003,0.001,376,2.22041916847229,0.002299615478515625,2.2227187839508056,45.9923095703125,0.21251805126667023,1.1919883019865254,1069.7322326695414,,6000,
377,0.3770000000000003,0.001,377,2.2202067375183105,0.0022996311187744142,2.222506368637085,45.99262237548828,0.2125891149044037,1.1919266205982249,1070.1453154777553,,6000,
378,0.3780000000000003,0.001,378,2.219994068145752,0.0022996461868286136,2.2222937143325807,45.992923736572266,0.2126254290342331,1.1918648584554197,1070.3835801138496,,6000,
379,0.3790000000000003,0.001,379,2.2197816371917725,0.0022996618270874026,2.2220812990188596,45.99323654174805,0.21262285113334656,1.191803154036482,1070.426020001142,,6000,
380,0.3800000000000003,0.001,380,2.219568967819214,0.0022996767044067383,2.2218686445236204,45.993534088134766,0.21265806257724762,1.1917413688336507,1070.658792949554,,6000,
381,0.3810000000000003,0.001,381,2.2193565368652344,0.002299691963195801,2.2216562288284303,45.993839263916016,0.21265865862369537,1.191679641377002,1070.7172527238884,,6000,
382,0.3820000000000003,0.001,382,2.2191436290740967,0.002299707794189453,2.221443336868286,45.99415588378906,0.21269461512565613,1.1916177638088028,1070.9538994072097,,6000,
383,0.3830000000000003,0.001,383,2.218930959701538,0.0022997228622436525,2.2212306825637818,45.99445724487305,0.21280469000339508,1.1915559439832408,1071.563736866667,,6000,
384,0.3840000000000003,0.001,384,2.2187180519104004,0.002299738121032715,2.221017790031433,45.9947624206543,0.21289154887199402,1.1914940432890644,1072.05680164871,,6000,
385,0.3850000000000003,0.001,385,2.218505382537842,0.002299753570556641,2.2208051361083982,45.99507141113281,0.21289154887199402,1.191432200359872,1072.1124482334294,,6000,
386,0.3860000000000003,0.001,386,2.218292236328125,0.002299769401550293,2.2205920057296753,45.99538803100586,0.2129986584186554,1.1913702071825307,1072.7076628298882,,6000,
387,0.3870000000000003,0.001,387,2.2180793285369873,0.002299784851074219,2.2203791133880615,45.995697021484375,0.21305693686008453,1.191308271766616,1073.056950460713,,6000,
388,0.3880000000000003,0.001,388,2.2178661823272705,0.0022998003005981447,2.2201659826278686,45.99600601196289,0.21310144662857056,1.1912462553972059,1073.3369981046342,,6000,
389,0.3890000000000003,0.001,389,2.217653274536133,0.002299816131591797,2.2199530906677247,45.99632263183594,0.21312113106250763,1.191184296811602,1073.4919775199903,,6000,
390,0.3900000000000003,0.001,390,2.217440128326416,0.0022998319625854493,2.2197399602890013,45.996639251708984,0.21312177181243896,1.1911222572429898,1073.5511179468892,,6000,
391,0.3910000000000003,0.001,391,2.217226982116699,0.002299847412109375,2.2195268295288084,45.9969482421875,0.21322953701019287,1.191060206065609,1074.1499174817393,,6000,
392,0.3920000000000003,0.001,392,2.2170135974884033,0.0022998632431030274,2.2193134607315064,45.99726486206055,0.21326428651809692,1.190998073849709,1074.3810147169486,,6000,
393,0.3930000000000003,0.001,393,2.2168004512786865,0.002299879264831543,2.219100330543518,45.99758529663086,0.2133239507675171,1.190935999436443,1074.737605724219,,6000,
394,0.3940000000000003,0.001,394,2.2165873050689697,0.0022998950958251956,2.218887200164795,45.997901916503906,0.2134251892566681,1.1908739134090491,1075.3037085800675,,6000,
395,0.3950000000000003,0.001,395,2.2163736820220947,0.002299910926818848,2.2186735929489134,45.99821853637695,0.21350254118442535,1.1908116768318155,1075.7496521320024,,6000,
396,0.3960000000000003,0.001,396,2.2161600589752197,0.0022999267578125,2.2184599857330323,45.99853515625,0.21358898282051086,1.1907494285848395,1076.241454464622,,6000,
397,0.3970000000000003,0.001,397,2.215946674346924,0.0022999427795410156,2.2182466171264648,45.99885559082031,0.21366021037101746,1.1906872381593452,1076.6565905315806,,6000,
398,0.3980000000000003,0.001,398,2.215733051300049,0.002299958992004395,2.218033010292053,45.99917984008789,0.21376003324985504,1.1906249665805193,1077.2159458260392,,6000,
399,0.3990000000000003,0.001,399,2.2155191898345947,0.002299974632263184,2.217819164466858,45.99949264526367,0.21379943192005157,1.190562613807475,1077.4709172311952,,6000,
400,0.4000000000000003,0.001,400,2.2153053283691406,0.002299991035461426,2.217605319404602,45.999820709228516,0.21384963393211365,1.1905002493314165,1077.780373681793,,6000,2.236085205078125
401,0.4010000000000003,0.001,401,2.2150914669036865,0.002300007247924805,2.2173914741516114,46.000144958496094,0.21391718089580536,1.1904378731505396,1078.177294526082,,6000,
402,0.4020000000000003,0.001,402,2.2148776054382324,0.0023000230789184573,2.2171776285171507,46.00046157836914,0.21402721107006073,1.19037548526304,1078.7884010704404,,6000,
403,0.4030000000000003,0.001,403,2.214663505554199,0.0023000394821166992,2.216963545036316,46.000789642333984,0.21417933702468872,1.190313016095811,1079.6118371982027,,6000,
404,0.4040000000000003,0.001,404,2.214449644088745,0.0023000558853149417,2.21674969997406,46.00111770629883,0.21422134339809418,1.190250604776596,1079.8801993718077,,6000,
405,0.4050000000000003,0.001,405,2.214235305786133,0.002300072479248047,2.2165353782653807,46.00144958496094,0.21428364515304565,1.190188042550468,1080.251040132388,,6000,
406,0.4060000000000003,0.001,406,2.2140209674835205,0.002300088500976563,2.2163210559844972,46.00177001953125,0.214323028922081,1.1901254685581981,1080.5063898769952,,6000,
407,0.4070000000000003,0.001,407,2.213806629180908,0.002300105094909668,2.216106734275818,46.00210189819336,0.21440912783145905,1.19006288279797,1080.9973032384273,,6000,
408,0.4080000000000003,0.001,408,2.213592290878296,0.0023001214981079104,2.215892412376404,46.0024299621582,0.21446609497070312,1.1900002852679665,1081.34139609425,,6000,
409,0.4090000000000003,0.001,409,2.2133777141571045,0.0023001380920410156,2.2156778522491454,46.00276184082031,0.21452312171459198,1.1899376063165432,1081.6858997102336,,6000,
410,0.4100000000000003,0.001,410,2.213163375854492,0.002300153923034668,2.215463529777527,46.00307846069336,0.2146420031785965,1.1898749852284398,1082.3422923075645,,6000,
411,0.4110000000000003,0.001,411,2.2129485607147217,0.0023001707077026368,2.2152487314224243,46.003414154052734,0.21471193432807922,1.1898122130130164,1082.7520442962386,,6000,
412,0.4120000000000003,0.001,412,2.2127339839935303,0.002300187110900879,2.2150341711044312,46.00374221801758,0.21476507186889648,1.1897494986572663,1083.0770953613874,,6000,
413,0.4130000000000003,0.001,413,2.2125191688537598,0.002300204086303711,2.2148193729400636,46.00408172607422,0.21482981741428375,1.1896867027941262,1083.4607980894266,,6000,
414,0.4140000000000003,0.001,414,2.2123043537139893,0.0023002208709716797,2.214604574584961,46.004417419433594,0.21491722762584686,1.189623895097819,1083.9588638634812,,6000,
415,0.4150000000000003,0.001,415,2.2120893001556396,0.0023002376556396486,2.2143895378112792,46.00475311279297,0.21500363945960999,1.1895610058379291,1084.4520208940155,,6000,
416,0.4160000000000003,0.001,416,2.21187424659729,0.0023002540588378906,2.214174500656128,46.00508117675781,0.21511682868003845,1.1894981047149211,1085.0803098921829,,6000,
417,0.4170000000000003,0.001,417,2.2116591930389404,0.0023002710342407227,2.2139594640731812,46.00542068481445,0.21518853306770325,1.1894351917269583,1085.4994096245018,,6000,
418,0.4180000000000003,0.001,418,2.2114439010620117,0.0023002876281738283,2.2137441886901854,46.00575256347656,0.21524666249752045,1.189372197104139,1085.8501469343184,,6000,
419,0.4190000000000003,0.001,419,2.211228847503662,0.0023003047943115237,2.2135291522979736,46.00609588623047,0.21535004675388336,1.1893092603676,1086.4291766499225,,6000,
420,0.4200000000000003,0.001,420,2.2110133171081543,0.0023003217697143558,2.2133136388778687,46.00643539428711,0.21539632976055145,1.1892461721717793,1086.7203181349678,,6000,
421,0.4210000000000003,0.001,421,2.2107982635498047,0.002300338554382324,2.213098602104187,46.006771087646484,0.21550484001636505,1.1891832116661467,1087.3253401269824,,6000,
422,0.4220000000000003,0.001,422,2.2105824947357178,0.0023003557205200195,2.212882850456238,46.00711441040039,0.21554385125637054,1.1891200298240525,1087.5799541696226,,6000,
423,0.4230000000000003,0.001,423,2.21036696434021,0.002300372886657715,2.2126673372268675,46.0074577331543,0.21555723249912262,1.1890569058608431,1087.705212946383,,6000,
424,0.4240000000000003,0.001,424,2.210151433944702,0.0023003900527954102,2.2124518239974975,46.0078010559082,0.21560139954090118,1.188993769967076,1087.9858498175545,,6000,
425,0.4250000000000003,0.001,425,2.2099359035491943,0.0023004072189331056,2.2122363107681275,46.00814437866211,0.21565964818000793,1.1889306221409024,1088.337590926898,,6000,
426,0.4260000000000003,0.001,426,2.2097201347351074,0.002300424385070801,2.212020559120178,46.008487701416016,0.21569621562957764,1.1888673925068725,1088.5800232509823,,6000,
427,0.4270000000000003,0.001,427,2.2095046043395996,0.002300441360473633,2.211805045700073,46.008827209472656,0.21575801074504852,1.1888042207971334,1088.9497545712388,,6000,
428,0.4280000000000003,0.001,428,2.2092888355255127,0.0023004585266113283,2.211589294052124,46.00917053222656,0.21577928960323334,1.1887409672494118,1089.115100167791,,6000,
429,0.4290000000000003,0.001,429,2.2090728282928467,0.002300475883483887,2.2113733041763304,46.009517669677734,0.2157956212759018,1.1886776318221879,1089.2555668525388,,6000,
430,0.4300000000000003,0.001,430,2.2088570594787598,0.0023004930496215823,2.2111575525283813,46.00986099243164,0.21591733396053314,1.1886143543269097,1089.9279476536515,,6000,
431,0.4310000000000003,0.001,431,2.208641290664673,0.002300510597229004,2.2109418012619018,46.01021194458008,0.2160443514585495,1.18855106486168,1090.6271905971096,,6000,
432,0.43200000000000033,0.001,432,2.2084250450134277,0.0023005279541015626,2.2107255729675295,46.01055908203125,0.21614287793636322,1.1884876235187054,1091.1828124710532,,6000,
433,0.43300000000000033,0.001,433,2.2082090377807617,0.0023005455017089844,2.210509583282471,46.01091003417969,0.21617171168327332,1.1884242401153204,1091.3865826009917,,6000,
434,0.43400000000000033,0.001,434,2.2079927921295166,0.002300562858581543,2.210293354988098,46.01125717163086,0.21626798808574677,1.1883607747304452,1091.9309658372188,,6000,
435,0.43500000000000033,0.001,435,2.2077767848968506,0.002300580596923828,2.2100773654937744,46.01161193847656,0.2162984311580658,1.1882973673079378,1092.1429455730527,,6000,
436,0.43600000000000033,0.001,436,2.2075603008270264,0.0023005979537963866,2.2098608987808226,46.011959075927734,0.21632543206214905,1.188233807867679,1092.3377064166427,,6000,
437,0.43700000000000033,0.001,437,2.2073440551757812,0.002300615692138672,2.20964467086792,46.01231384277344,0.21639767289161682,1.1881703063860511,1092.760886525504,,6000,
438,0.43800000000000033,0.001,438,2.207127571105957,0.002300633239746094,2.209428204345703,46.012664794921875,0.21645985543727875,1.1881067228358628,1093.1333925320246,,6000,
439,0.43900000000000033,0.001,439,2.206911087036133,0.0023006507873535157,2.209211737823486,46.01301574707031,0.21654589474201202,1.188043127221257,1093.6264338239798,,6000,
440,0.44000000000000034,0.001,440,2.2066946029663086,0.002300669097900391,2.208995272064209,46.01338195800781,0.2166140377521515,1.1879795195403582,1094.0291521319916,,6000,
441,0.44100000000000034,0.001,441,2.2064781188964844,0.002300686836242676,2.208778805732727,46.013736724853516,0.21668478846549988,1.1879158997912915,1094.4450958366826,,6000,
442,0.44200000000000034,0.001,442,2.206261396408081,0.0023007043838500977,2.208562100791931,46.01408767700195,0.21677923202514648,1.1878521978864311,1094.9808355494029,,6000,
443,0.44300000000000034,0.001,443,2.2060444355010986,0.002300722694396973,2.208345158195496,46.01445388793945,0.21686522662639618,1.18778841378397,1095.4740294301544,,6000,
444,0.44400000000000034,0.001,444,2.2058277130126953,0.0023007402420043947,2.2081284532547,46.01480484008789,0.21695542335510254,1.1877246876668646,1095.988450562314,,6000,
445,0.44500000000000034,0.001,445,2.205610752105713,0.0023007585525512695,2.2079115106582643,46.01517105102539,0.21695639193058014,1.1876608793217507,1096.0522269007274,,6000,
446,0.44600000000000034,0.001,446,2.2053937911987305,0.002300776290893555,2.2076945674896242,46.015525817871094,0.2170344889163971,1.187597058845816,1096.505690881343,,6000,
447,0.44700000000000034,0.001,447,2.205176830291748,0.002300794219970703,2.2074776245117187,46.01588439941406,0.21708843111991882,1.1875332262371723,1096.83717300839,,6000,
448,0.44800000000000034,0.001,448,2.2049596309661865,0.0023008121490478515,2.2072604431152345,46.01624298095703,0.21716760098934174,1.187469311328198,1097.2962362106216,,6000,
449,0.44900000000000034,0.001,449,2.204742431640625,0.0023008304595947267,2.20704326210022,46.01660919189453,0.21721456944942474,1.1874053842560481,1097.5926452557771,,6000,
450,0.45000000000000034,0.001,450,2.2045254707336426,0.0023008485794067386,2.2068263193130493,46.016971588134766,0.21731117367744446,1.1873415152112692,1098.139857286691,,6000,
451,0.45100000000000035,0.001,451,2.204308032989502,0.00230086669921875,2.2066088996887205,46.017333984375,0.21738867461681366,1.1872774936146435,1098.5907293920548,,6000,
452,0.45200000000000035,0.001,452,2.2040905952453613,0.0023008850097656253,2.2063914802551268,46.0177001953125,0.21748822927474976,1.1872134598224284,1099.1531176235796,,6000,
453,0.45300000000000035,0.001,453,2.2038731575012207,0.0023009035110473633,2.206174061012268,46.018070220947266,0.21756337583065033,1.187149413832723,1099.5922162564775,,6000,
454,0.45400000000000035,0.001,454,2.203655481338501,0.002300921440124512,2.2059564027786256,46.018428802490234,0.21766801178455353,1.187085285397687,1100.1804897866236,,6000,
455,0.45500000000000035,0.001,455,2.2034378051757812,0.00230093994140625,2.2057387451171877,46.018798828125,0.21776367723941803,1.1870211447345846,1100.7234953077918,,6000,
456,0.45600000000000035,0.001,456,2.2032201290130615,0.002300958824157715,2.2055210878372193,46.0191764831543,0.21787351369857788,1.186956991841508,1101.3382044814819,,6000,
457,0.45700000000000035,0.001,457,2.2030022144317627,0.0023009767532348635,2.2053031911849974,46.019535064697266,0.21786966919898987,1.1868927564304064,1101.3783748461087,,6000,
458,0.45800000000000035,0.001,458,2.202784299850464,0.002300995445251465,2.2050852952957154,46.0199089050293,0.21793732047080994,1.1868285087586994,1101.7800071153497,,6000,
459,0.45900000000000035,0.001,459,2.202566385269165,0.0023010143280029296,2.204867399597168,46.020286560058594,0.21798811852931976,1.1867642488244727,1102.0964883897227,,6000,
460,0.46000000000000035,0.001,460,2.202348470687866,0.002301032829284668,2.204649503517151,46.02065658569336,0.21812237799167633,1.1866999766258122,1102.8349993493978,,6000,
461,0.46100000000000035,0.001,461,2.2021303176879883,0.002301051139831543,2.20443136882782,46.02102279663086,0.21821220219135284,1.1866356218209724,1103.3489885791132,,6000,
462,0.46200000000000035,0.001,462,2.2019121646881104,0.002301070022583008,2.2042132347106933,46.021400451660156,0.21832431852817535,1.1865712547210086,1103.9757671165328,,6000,
463,0.46300000000000036,0.001,463,2.2016937732696533,0.002301088523864746,2.203994861793518,46.02177047729492,0.21840618550777435,1.1865068049572747,1104.449723820871,,6000,
464,0.46400000000000036,0.001,464,2.201475143432617,0.002301107406616211,2.2037762508392333,46.02214813232422,0.2184733748435974,1.186442272487479,1104.849582199473,,6000,
465,0.46500000000000036,0.001,465,2.20125675201416,0.0023011262893676758,2.2035578783035277,46.022525787353516,0.2185676097869873,1.1863777980566272,1105.3862107585808,,6000,
466,0.46600000000000036,0.001,466,2.201038360595703,0.0023011449813842774,2.2033395055770875,46.02289962768555,0.21863678097724915,1.186313311296053,1105.796144553351,,6000,
467,0.46700000000000036,0.001,467,2.200819730758667,0.002301163482666016,2.203120894241333,46.02326965332031,0.2187151461839676,1.1862487417832337,1106.2527030638603,,6000,
468,0.46800000000000036,0.001,468,2.2006008625030518,0.0023011829376220704,2.202902045440674,46.023658752441406,0.21888503432273865,1.1861840894758007,1107.1723331888652,,6000,
469,0.46900000000000036,0.001,469,2.2003822326660156,0.002301201629638672,2.2026834342956545,46.02403259277344,0.21901202201843262,1.1861194952265184,1107.8749969113708,,6000,
470,0.47000000000000036,0.001,470,2.2001631259918213,0.002301220512390137,2.2024643465042115,46.024410247802734,0.21912957727909088,1.1860547476906838,1108.530163750444,,6000,
471,0.47100000000000036,0.001,471,2.199943780899048,0.0023012397766113283,2.202245020675659,46.02479553222656,0.21918927133083344,1.1859899172598987,1108.8927560391737,,6000,
472,0.47200000000000036,0.001,472,2.1997246742248535,0.0023012588500976564,2.202025933074951,46.025177001953125,0.21922233700752258,1.1859251448679333,1109.1206116483966,,6000,
473,0.47300000000000036,0.001,473,2.199505567550659,0.0023012779235839845,2.201806845474243,46.02555847167969,0.21931441128253937,1.1858603600517394,1109.6470647166448,,6000,
474,0.47400000000000037,0.001,474,2.1992862224578857,0.002301297187805176,2.201587519645691,46.025943756103516,0.21941448748111725,1.1857954922941762,1110.2141418497692,,6000,
475,0.47500000000000037,0.001,475,2.199066638946533,0.002301316261291504,2.2013679552078247,46.02632522583008,0.21954914927482605,1.185730541552679,1110.9563678135485,,6000,
476,0.47600000000000037,0.001,476,2.1988470554351807,0.0023013357162475585,2.201148391151428,46.02671432495117,0.21961846947669983,1.1856655783269439,1111.3680290184186,,6000,
477,0.47700000000000037,0.001,477,2.1986277103424072,0.0023013551712036135,2.200929065513611,46.027103424072266,0.21973107755184174,1.1856006731708733,1111.9987489422078,,6000,
478,0.47800000000000037,0.001,478,2.1984078884124756,0.002301374435424805,2.2007092628479006,46.027488708496094,0.21979939937591553,1.185535614414921,1112.4055492051484,,6000,
479,0.47900000000000037,0.001,479,2.198188066482544,0.002301393508911133,2.2004894599914553,46.027870178222656,0.2199091762304306,1.1854705431417125,1113.0222214427934,,6000,
480,0.48000000000000037,0.001,480,2.197968006134033,0.002301413345336914,2.20026941947937,46.02826690673828,0.22001047432422638,1.185405388752688,1113.5961237145716,,6000,
481,0.48100000000000037,0.001,481,2.1977479457855225,0.002301432228088379,2.200049378013611,46.02864456176758,0.2200881689786911,1.1853402218152969,1114.0506240898617,,6000,
482,0.4820000000000004,0.001,482,2.1975278854370117,0.0023014520645141603,2.199829337501526,46.0290412902832,0.22020544111728668,1.1852750423275658,1114.7055320671982,,6000,
483,0.4830000000000004,0.001,483,2.197307825088501,0.002301471710205078,2.199609296798706,46.02943420410156,0.220228910446167,1.1852098502875212,1114.885657047525,,6000,
484,0.4840000000000004,0.001,484,2.197087526321411,0.0023014913558959964,2.199389017677307,46.02982711791992,0.22032667696475983,1.1851445750421836,1115.44202254101,,6000,
485,0.4850000000000004,0.001,485,2.1968672275543213,0.002301510810852051,2.1991687383651732,46.030216217041016,0.22043544054031372,1.1850792872133613,1116.0541387504309,,6000,
486,0.4860000000000004,0.001,486,2.1966469287872314,0.0023015302658081055,2.1989484590530397,46.03060531616211,0.2205224186182022,1.1850139867990743,1116.5560292526386,,6000,
487,0.4870000000000004,0.001,487,2.1964261531829834,0.002301550102233887,2.1987277032852175,46.031002044677734,0.2205861657857895,1.1849485324135556,1116.9404902497656,,6000,
488,0.4880000000000004,0.001,488,2.1962056159973145,0.002301569938659668,2.198507185935974,46.03139877319336,0.22065459191799164,1.1848831360896053,1117.3486322686842,,6000,
489,0.4890000000000004,0.001,489,2.1959850788116455,0.0023015897750854495,2.198286668586731,46.031795501708984,0.2207065224647522,1.1848177271469746,1117.6732964464193,,6000,
490,0.4900000000000004,0.001,490,2.1957643032073975,0.0023016094207763673,2.1980659126281736,46.032188415527344,0.22079096734523773,1.1847522348508321,1118.1627390964325,,6000,
491,0.4910000000000004,0.001,491,2.1955435276031494,0.0023016294479370116,2.1978451570510864,46.032588958740234,0.2208295315504074,1.1846867299047266,1118.4198791599533,,6000,
492,0.4920000000000004,0.001,492,2.1953227519989014,0.0023016494750976563,2.197624401473999,46.032989501953125,0.22083857655525208,1.1846212123066646,1118.527547511533,,6000,
493,0.4930000000000004,0.001,493,2.1951019763946533,0.002301669502258301,2.1974036458969115,46.033390045166016,0.2209436297416687,1.1845556820546523,1119.1215394371386,,6000,
494,0.4940000000000004,0.001,494,2.194880962371826,0.002301689338684082,2.19718265171051,46.03378677368164,0.2209714651107788,1.1844900683591766,1119.3245313582804,,6000,
495,0.4950000000000004,0.001,495,2.194660186767578,0.0023017091751098635,2.196961895942688,46.034183502197266,0.22103457152843475,1.1844245127796125,1119.7061651976953,,6000,
496,0.4960000000000004,0.001,496,2.194438934326172,0.002301729393005371,2.196740663719177,46.03458786010742,0.22112764418125153,1.1843588029103451,1120.239797118259,,6000,
497,0.4970000000000004,0.001,497,2.1942179203033447,0.002301749610900879,2.1965196699142457,46.03499221801758,0.22121454775333405,1.184293151152989,1120.7421787652836,,6000,
498,0.4980000000000004,0.001,498,2.1939966678619385,0.0023017694473266605,2.1962984373092653,46.0353889465332,0.22140225768089294,1.1842274158620496,1121.75544012241,,6000,
499,0.4990000000000004,0.001,499,2.193775177001953,0.002301789855957031,2.1960769668579103,46.035797119140625,0.22145654261112213,1.184161596994401,1122.0928453002477,,6000,
500,0.5000000000000003,0.001,500,2.1935536861419678,0.0023018104553222656,2.19585549659729,46.03620910644531,0.2215467244386673,1.1840957653766109,1122.612195314469,,6000,2.2176279296875
501,0.5010000000000003,0.001,501,2.1933319568634033,0.0023018304824829103,2.195633787345886,46.0366096496582,0.22162286937236786,1.1840298501231863,1123.0605512993286,,6000,
502,0.5020000000000003,0.001,502,2.193110466003418,0.0023018507003784183,2.195412316703796,46.03701400756836,0.22169959545135498,1.1839639929853436,1123.5118471416188,,6000,
503,0.5030000000000003,0.001,503,2.1928887367248535,0.002301871109008789,2.195190607833862,46.03742218017578,0.22172947227954865,1.1838980521803593,1123.725840436316,,6000,
504,0.5040000000000003,0.001,504,2.192667245864868,0.00230189151763916,2.1949691373825075,46.0378303527832,0.22181235253810883,1.1838321695144,1124.208438916277,,6000,
505,0.5050000000000003,0.001,505,2.1924452781677246,0.002301912307739258,2.194747190475464,46.038246154785156,0.22189390659332275,1.1837661322113255,1124.684516081646,,6000,
506,0.5060000000000003,0.001,506,2.19222354888916,0.002301932716369629,2.1945254816055297,46.03865432739258,0.22194822132587433,1.1837001530432347,1125.022519031985,,6000,
507,0.5070000000000003,0.001,507,2.1920015811920166,0.002301952934265137,2.1943035341262815,46.039058685302734,0.22200223803520203,1.1836340901174192,1125.359128579233,,6000,
508,0.5080000000000003,0.001,508,2.191779375076294,0.002301973915100098,2.194081348991394,46.03947830200195,0.22214479744434357,1.1835679433905395,1126.144715315475,,6000,
509,0.5090000000000003,0.001,509,2.1915574073791504,0.002301994323730469,2.193859401702881,46.039886474609375,0.22219935059547424,1.1835018548063325,1126.4841691279046,,6000,
510,0.5100000000000003,0.001,510,2.1913352012634277,0.00230201530456543,2.193637216567993,46.040306091308594,0.22225289046764374,1.1834356823894379,1126.8186033679492,,6000,
511,0.5110000000000003,0.001,511,2.191112995147705,0.0023020360946655275,2.193415031242371,46.04072189331055,0.22235159575939178,1.1833694971175917,1127.3820880172475,,6000,
512,0.5120000000000003,0.001,512,2.1908905506134033,0.0023020565032958987,2.1931926071166994,46.04113006591797,0.22243984043598175,1.1833032279538183,1127.8926745799247,,6000,
513,0.5130000000000003,0.001,513,2.1906683444976807,0.0023020774841308596,2.1929704219818116,46.04154968261719,0.22255276143550873,1.1832370169521669,1128.528392437061,,6000,
514,0.5140000000000003,0.001,514,2.1904454231262207,0.002302098274230957,2.1927475214004515,46.04196548461914,0.22260920703411102,1.1831705799017505,1128.8780036396595,,6000,
515,0.5150000000000003,0.001,515,2.190222978591919,0.002302119255065918,2.192525097846985,46.04238510131836,0.22261090576648712,1.183104272058141,1128.9498872955505,,6000,
516,0.5160000000000003,0.001,516,2.190000295639038,0.002302140235900879,2.192302435874939,46.04280471801758,0.22267143428325653,1.1830378802315384,1129.3202255181027,,6000,
517,0.5170000000000003,0.001,517,2.1897776126861572,0.0023021615982055667,2.192079774284363,46.04323196411133,0.22273488342761993,1.182971475482479,1129.7054309958407,,6000,
518,0.5180000000000003,0.001,518,2.1895549297332764,0.0023021825790405276,2.191857112312317,46.04365158081055,0.22288191318511963,1.182905057808915,1130.5146345284645,,6000,
519,0.5190000000000003,0.001,519,2.1893320083618164,0.0023022033691406252,2.191634211730957,46.0440673828125,0.22289758920669556,1.182838556077031,1130.6577117977188,,6000,
520,0.5200000000000004,0.001,520,2.1891090869903564,0.002302224349975586,2.191411311340332,46.04448699951172,0.22297781705856323,1.1827720413888452,1131.1282779227834,,6000,
521,0.5210000000000004,0.001,521,2.1888861656188965,0.0023022455215454102,2.191188411140442,46.0449104309082,0.22306127846240997,1.1827055137423028,1131.6153135530863,,6000,
522,0.5220000000000004,0.001,522,2.1886630058288574,0.0023022670745849612,2.1909652729034423,46.04534149169922,0.22313891351222992,1.1826389019619858,1132.0729250934232,,6000,
523,0.5230000000000004,0.001,523,2.1884400844573975,0.002302288055419922,2.1907423725128172,46.04576110839844,0.2231968194246292,1.1825723483787018,1132.4304330164516,,6000,
524,0.5240000000000004,0.001,524,2.1882166862487793,0.002302309036254883,2.1905189952850344,46.046180725097656,0.2233557403087616,1.1825056394286602,1133.300677111417,,6000,
525,0.5250000000000004,0.001,525,2.1879935264587402,0.0023023305892944336,2.1902958570480346,46.04661178588867,0.2233767956495285,1.182438988671528,1133.47139830272,,6000,
526,0.5260000000000004,0.001,526,2.187770128250122,0.002302351760864258,2.1900724800109863,46.047035217285156,0.22343815863132477,1.1823722536890913,1133.846762392372,,6000,
527,0.5270000000000004,0.001,527,2.187546491622925,0.0023023731231689454,2.189848864746094,46.047462463378906,0.2234843224287033,1.182305434437579,1134.1451164098614,,6000,
528,0.5280000000000004,0.001,528,2.1873230934143066,0.0023023948669433597,2.18962548828125,46.04789733886719,0.22351238131523132,1.1822386733866719,1134.351563758028,,6000,
529,0.5290000000000004,0.001,529,2.1870996952056885,0.0023024164199829103,2.189402111625671,46.0483283996582,0.22361144423484802,1.1821718993053776,1134.918421083624,,6000,
530,0.5300000000000004,0.001,530,2.186876058578491,0.0023024377822875976,2.1891784963607788,46.04875564575195,0.22370728850364685,1.1821050409070617,1135.4690865643722,,6000,
531,0.5310000000000004,0.001,531,2.186652421951294,0.0023024593353271486,2.1889548812866213,46.04918670654297,0.2237558513879776,1.1820381694463822,1135.7798276147491,,6000,
532,0.5320000000000004,0.001,532,2.1864287853240967,0.002302480888366699,2.1887312662124634,46.049617767333984,0.22377023100852966,1.1819712849212634,1135.917093062558,,6000,
533,0.5330000000000004,0.001,533,2.186204671859741,0.00230250301361084,2.1885071748733522,46.0500602722168,0.22384119033813477,1.1819042446768808,1136.3417536384113,,6000,
534,0.5340000000000004,0.001,534,2.185981035232544,0.002302524185180664,2.188283559417725,46.05048370361328,0.22389325499534607,1.1818373339887902,1136.6704125331162,,6000,
535,0.5350000000000004,0.001,535,2.1857571601867676,0.002302546501159668,2.1880597066879273,46.05093002319336,0.22395916283130646,1.181770338875763,1137.069473469925,,6000,
536,0.5360000000000004,0.001,536,2.185533285140991,0.0023025676727294925,2.1878358528137207,46.051353454589844,0.22399716079235077,1.1817033306620985,1137.326882205775,,6000,
537,0.5370000000000004,0.001,537,2.1853091716766357,0.0023025896072387695,2.1876117612838746,46.05179214477539,0.2240714132785797,1.1816362379635261,1137.768491247792,,6000,
538,0.5380000000000004,0.001,538,2.1850850582122803,0.0023026117324829102,2.187387669944763,46.0522346496582,0.22413070499897003,1.1815691321322221,1138.1341924251738,,6000,
539,0.5390000000000004,0.001,539,2.184860944747925,0.0023026336669921877,2.187163578414917,46.05267333984375,0.22420525550842285,1.181502013166098,1138.5774362294055,,6000,
540,0.5400000000000004,0.001,540,2.1846368312835693,0.0023026556015014648,2.1869394868850707,46.0531120300293,0.22430403530597687,1.1814348810630633,1139.1437932024483,,6000,
541,0.5410000000000004,0.001,541,2.1844124794006348,0.002302677345275879,2.1867151567459104,46.05354690551758,0.22446516156196594,1.1813676643829236,1140.026945019931,,6000,
542,0.5420000000000004,0.001,542,2.184187889099121,0.0023026994705200197,2.186490588569641,46.05398941040039,0.22453004121780396,1.1813003630816012,1140.421428291531,,6000,
543,0.5430000000000004,0.001,543,2.1839635372161865,0.0023027215957641604,2.186266258811951,46.0544319152832,0.22455960512161255,1.181233120047235,1140.636516080583,,6000,
544,0.5440000000000004,0.001,544,2.183738946914673,0.0023027433395385742,2.1860416902542115,46.054866790771484,0.22464434802532196,1.1811657923594778,1141.13200438988,,6000,
545,0.5450000000000004,0.001,545,2.183514356613159,0.0023027658462524414,2.1858171224594116,46.05531692504883,0.22471532225608826,1.1810984514683431,1141.5576168610933,,6000,
546,0.5460000000000004,0.001,546,2.1832895278930664,0.002302787971496582,2.185592315864563,46.05575942993164,0.22480100393295288,1.181031025863546,1142.0580781199187,,6000,
547,0.5470000000000004,0.001,547,2.1830646991729736,0.002302810287475586,2.185367509460449,46.05620574951172,0.22493308782577515,1.1809635870231054,1142.794360287288,,6000,
548,0.5480000000000004,0.001,548,2.182839870452881,0.00230283260345459,2.1851427030563353,46.0566520690918,0.22500209510326385,1.180896134944912,1143.2102542045836,,6000,
549,0.5490000000000004,0.001,549,2.182614803314209,0.002302854919433594,2.1849176582336427,46.057098388671875,0.22506175935268402,1.1808285980765416,1143.5788041683022,,6000,
550,0.5500000000000004,0.001,550,2.182389736175537,0.002302877235412598,2.1846926134109497,46.05754470825195,0.22516928613185883,1.1807610479380957,1144.1906210832112,,6000,
551,0.5510000000000004,0.001,551,2.1821646690368652,0.0023028999328613283,2.1844675689697266,46.05799865722656,0.2252761274576187,1.1806934845274564,1144.7990375645036,,6000,
552,0.5520000000000004,0.001,552,2.1819393634796143,0.002302922058105469,2.18424228553772,46.058441162109375,0.22530104219913483,1.1806258362499968,1144.9912509864512,,6000,
553,0.5530000000000004,0.001,553,2.1817140579223633,0.0023029447555541994,2.1840170026779173,46.058895111083984,0.22537976503372192,1.1805581746679645,1145.4569704560843,,6000,
554,0.5540000000000004,0.001,554,2.181488513946533,0.0023029670715332034,2.1837914810180665,46.05934143066406,0.22544395923614502,1.180490428158548,1145.848982042909,,6000,
555,0.5550000000000004,0.001,555,2.1812632083892822,0.0023029897689819338,2.1835661981582644,46.05979537963867,0.22552476823329926,1.1804227399469134,1146.3254337684566,,6000,
556,0.5560000000000004,0.001,556,2.181037664413452,0.002303012275695801,2.183340676689148,46.060245513916016,0.2256159782409668,1.1803549667754574,1146.8548932732356,,6000,
557,0.5570000000000004,0.001,557,2.180812120437622,0.0023030351638793946,2.1831151556015014,46.06070327758789,0.22573301196098328,1.1802871802627366,1147.5157016145895,,6000,
558,0.5580000000000004,0.001,558,2.180586338043213,0.0023030580520629882,2.182889396095276,46.061161041259766,0.22581829130649567,1.1802193087295207,1148.0152356577723,,6000,
559,0.5590000000000004,0.001,559,2.1803605556488037,0.0023030805587768554,2.1826636362075806,46.06161117553711,0.22592827677726746,1.180151423822545,1148.6404484204875,,6000,
560,0.5600000000000004,0.001,560,2.1801345348358154,0.0023031034469604495,2.1824376382827757,46.062068939208984,0.2260671705007553,1.18008345383431,1149.4127966944432,,6000,
561,0.5610000000000004,0.001,561,2.179908514022827,0.002303126335144043,2.182211640357971,46.06252670288086,0.2262197583913803,1.1800154704397678,1150.2548774571885,,6000,
562,0.5620000000000004,0.001,562,2.1796822547912598,0.0023031494140625,2.181985404205322,46.06298828125,0.2262936681509018,1.1799474019031089,1150.6970621872713,,6000,
563,0.5630000000000004,0.001,563,2.1794559955596924,0.002303171920776367,2.1817591674804686,46.063438415527344,0.22631028294563293,1.1798793199275435,1150.8479509219503,,6000,
564,0.5640000000000004,0.001,564,2.179229736328125,0.002303195381164551,2.1815329317092895,46.063907623291016,0.2264326810836792,1.1798112245109196,1151.5368376540657,,6000,
565,0.5650000000000004,0.001,565,2.1790032386779785,0.0023032182693481446,2.181306456947327,46.06436538696289,0.22654731571674347,1.179743043874911,1152.1864030965937,,6000,
566,0.5660000000000004,0.001,566,2.178776741027832,0.0023032411575317382,2.1810799821853637,46.064823150634766,0.22661547362804413,1.1796748497651868,1152.5996693401664,,6000,
567,0.5670000000000004,0.001,567,2.1785502433776855,0.002303264617919922,2.1808535079956055,46.06529235839844,0.22675231099128723,1.1796066421795872,1153.3623305425524,,6000,
568,0.5680000000000004,0.001,568,2.178323268890381,0.0023032873153686524,2.1806265562057496,46.06574630737305,0.22684110701084137,1.1795382774784426,1153.8808600384084,,6000,
569,0.5690000000000004,0.001,569,2.1780965328216553,0.002303310775756836,2.180399843597412,46.06621551513672,0.22692932188510895,1.179469971073265,1154.396436283732,,6000,
570,0.5700000000000004,0.001,570,2.1778695583343506,0.002303333854675293,2.180172892189026,46.06667709350586,0.2270578294992447,1.1794015793101376,1155.1171381272356,,6000,
571,0.5710000000000004,0.001,571,2.177642583847046,0.002303357315063477,2.179945941162109,46.06714630126953,0.22713406383991241,1.1793331740056492,1155.5719902380583,,6000,
572,0.5720000000000004,0.001,572,2.177415370941162,0.002303380584716797,2.179718751525879,46.06761169433594,0.22723841667175293,1.179264683281968,1156.1700433833093,,6000,
573,0.5730000000000004,0.001,573,2.1771881580352783,0.0023034040451049807,2.179491562080383,46.06808090209961,0.2272975891828537,1.1791961789841046,1156.5382922729991,,6000,
574,0.5740000000000004,0.001,574,2.1769609451293945,0.002303427314758301,2.1792643724441527,46.068546295166016,0.22735530138015747,1.1791276611098798,1156.8991664540597,,6000,
575,0.5750000000000004,0.001,575,2.1767334938049316,0.0023034507751464846,2.179036944580078,46.06901550292969,0.22747553884983063,1.179059057738697,1157.5783453261613,,6000,
576,0.5760000000000004,0.001,576,2.1765060424804688,0.002303474426269531,2.178809516906738,46.069488525390625,0.22758466005325317,1.1789904407582728,1158.20104482042,,6000,
577,0.5770000000000004,0.001,577,2.1762783527374268,0.0023034976959228517,2.1785818504333494,46.06995391845703,0.22769302129745483,1.1789217382194548,1158.8200331669686,,6000,
578,0.5780000000000004,0.001,578,2.1760506629943848,0.0023035213470458987,2.1783541843414307,46.07042694091797,0.22776372730731964,1.1788530220384634,1159.2474534958008,,6000,
579,0.5790000000000004,0.001,579,2.1758229732513428,0.002303544807434082,2.178126518058777,46.07089614868164,0.22784535586833954,1.1787842922131042,1159.7305327537345,,6000,
580,0.5800000000000004,0.001,580,2.1755950450897217,0.002303568458557129,2.1778986135482787,46.07136917114258,0.22797492146492004,1.178715476751337,1160.4577659058625,,6000,
581,0.5810000000000004,0.001,581,2.1753671169281006,0.0023035923004150393,2.1776707092285155,46.07184600830078,0.228084534406662,1.1786466476122117,1161.0835267825125,,6000,
582,0.5820000000000004,0.001,582,2.1751389503479004,0.002303616142272949,2.1774425664901735,46.072322845458984,0.22816455364227295,1.1785777327750477,1161.5587871580235,,6000,
583,0.5830000000000004,0.001,583,2.1749107837677,0.0023036399841308594,2.177214423751831,46.07279968261719,0.2282811999320984,1.1785088042274823,1162.2205915469815,,6000,
584,0.5840000000000004,0.001,584,2.1746826171875,0.0023036638259887696,2.176986281013489,46.07327651977539,0.22829096019268036,1.1784398619673067,1162.3382790780738,,6000,
585,0.5850000000000004,0.001,585,2.1744544506073,0.002303687858581543,2.1767581384658814,46.07375717163086,0.22841091454029083,1.1783709059923122,1163.0170774520855,,6000,
586,0.5860000000000004,0.001,586,2.1742258071899414,0.00230371150970459,2.176529518699646,46.0742301940918,0.22845058143138885,1.178301792148638,1163.2872815111737,,6000,
587,0.5870000000000004,0.001,587,2.173997640609741,0.0023037351608276367,2.176301375770569,46.074703216552734,0.22850266098976135,1.178232808708706,1163.620598412248,,6000,
588,0.5880000000000004,0.001,588,2.173768997192383,0.00230375919342041,2.1760727563858033,46.0751838684082,0.22856679558753967,1.1781636673382594,1164.0155027217445,,6000,
589,0.5890000000000004,0.001,589,2.1735403537750244,0.002303783416748047,2.1758441371917723,46.07566833496094,0.22863580286502838,1.178094512186728,1164.4352834170047,,6000,
590,0.5900000000000004,0.001,590,2.173311948776245,0.0023038076400756836,2.1756157564163208,46.07615280151367,0.228721484541893,1.1780254153851728,1164.9399828972746,,6000,
591,0.5910000000000004,0.001,591,2.1730830669403076,0.002303831672668457,2.175386898612976,46.07663345336914,0.2288186252117157,1.177956160531517,1165.5032651222007,,6000,
592,0.5920000000000004,0.001,592,2.17285418510437,0.0023038558959960938,2.1751580410003664,46.077117919921875,0.22890950739383698,1.1778868918613374,1166.034747353914,,6000,
593,0.5930000000000004,0.001,593,2.1726253032684326,0.0023038799285888673,2.1749291831970217,46.077598571777344,0.2290264070034027,1.1778176093724033,1166.6988429156129,,6000,
594,0.5940000000000004,0.001,594,2.172396421432495,0.002303904342651367,2.1747003257751465,46.078086853027344,0.2290557622909546,1.177748313062485,1166.917038643054,,6000,
595,0.5950000000000004,0.001,595,2.1721673011779785,0.002303928565979004,2.1744712297439577,46.07857131958008,0.22913026809692383,1.1776789307240885,1167.3653766874024,,6000,
596,0.5960000000000004,0.001,596,2.171938180923462,0.0023039525985717774,2.174242133522034,46.07905197143555,0.22920437157154083,1.1776095345314257,1167.8117313957139,,6000,
597,0.5970000000000004,0.001,597,2.1717090606689453,0.0023039777755737307,2.174013038444519,46.07955551147461,0.229279562830925,1.1775401244822596,1168.26369512496,,6000,
598,0.5980000000000004,0.001,598,2.1714797019958496,0.0023040019989013674,2.173783703994751,46.080039978027344,0.229388028383255,1.1774706283258143,1168.885352373045,,6000,
599,0.5990000000000004,0.001,599,2.171250343322754,0.0023040264129638673,2.173554369735718,46.080528259277344,0.22946797311306,1.1774011182795252,1169.3617555673952,,6000,
600,0.6000000000000004,0.001,600,2.171020746231079,0.002304050636291504,2.173324796867371,46.08101272583008,0.22961096465587616,1.1773315220637135,1170.1596042552083,,6000,2.19840478515625
601,0.6010000000000004,0.001,601,2.1707913875579834,0.0023040754318237305,2.173095462989807,46.08150863647461,0.22972263395786285,1.1772619842165595,1170.7978531766041,,6000,
602,0.6020000000000004,0.001,602,2.1705615520477295,0.002304100036621094,2.172865652084351,46.082000732421875,0.22976461052894592,1.177192287860128,1171.0811202132825,,6000,
603,0.6030000000000004,0.001,603,2.1703317165374756,0.0023041246414184573,2.172635841178894,46.08249282836914,0.2298295497894287,1.177122577547015,1171.481479533082,,6000,
604,0.6040000000000004,0.001,604,2.1701018810272217,0.0023041494369506837,2.1724060304641726,46.08298873901367,0.22996261715888977,1.1770528532749611,1172.2291816500283,,6000,
605,0.6050000000000004,0.001,605,2.1698720455169678,0.00230417423248291,2.1721762197494505,46.0834846496582,0.23005250096321106,1.1769831150417076,1172.756845989548,,6000,
606,0.6060000000000004,0.001,606,2.1696419715881348,0.002304199028015137,2.17194617061615,46.083980560302734,0.23013906180858612,1.1769132904806932,1173.26771820848,,6000,
607,0.6070000000000004,0.001,607,2.1694118976593018,0.0023042238235473633,2.171716121482849,46.084476470947266,0.23022453486919403,1.176843451924968,1173.7731190632778,,6000,
608,0.6080000000000004,0.001,608,2.1691815853118896,0.0023042484283447265,2.1714858337402343,46.08496856689453,0.23027139902114868,1.1767735269789399,1174.0818113693158,,6000,
609,0.6090000000000004,0.001,609,2.1689512729644775,0.002304273796081543,2.171255546760559,46.08547592163086,0.23032411932945251,1.1767035880046366,1174.420414847303,,6000,
610,0.6100000000000004,0.001,610,2.1687209606170654,0.0023042984008789062,2.171025259017944,46.085968017578125,0.23039796948432922,1.1766336349997841,1174.8668198714454,,6000,
611,0.6110000000000004,0.001,611,2.1684906482696533,0.0023043233871459963,2.1707949716567994,46.08646774291992,0.230507954955101,1.1765636679621085,1175.4975675274272,,6000,
612,0.6120000000000004,0.001,612,2.168260097503662,0.002304348564147949,2.17056444606781,46.086971282958984,0.23064306378364563,1.1764936144378886,1176.25660328217,,6000,
613,0.6130000000000004,0.001,613,2.168029546737671,0.0023043739318847657,2.1703339206695555,46.08747863769531,0.2307198941707611,1.1764235468472175,1176.7185115722175,,6000,
614,0.6140000000000004,0.001,614,2.1677987575531006,0.002304398727416992,2.1701031562805175,46.087974548339844,0.23075418174266815,1.1763533927072538,1176.9635715247693,,6000,
615,0.6150000000000004,0.001,615,2.1675679683685303,0.002304423713684082,2.1698723920822145,46.08847427368164,0.23082803189754486,1.1762832244671566,1177.4104761314134,,6000,
616,0.6160000000000004,0.001,616,2.16733717918396,0.002304449272155762,2.1696416284561155,46.088985443115234,0.2309151291847229,1.1762130421246373,1177.9250233492344,,6000,
617,0.6170000000000004,0.001,617,2.1671061515808105,0.002304474449157715,2.1694106260299684,46.0894889831543,0.23099686205387115,1.1761427731531229,1178.4123526156166,,6000,
618,0.6180000000000004,0.001,618,2.1668753623962402,0.002304499626159668,2.1691798620224,46.08999252319336,0.2310347557067871,1.1760725625843191,1178.6760259032383,,6000,
619,0.6190000000000004,0.001,619,2.166644334793091,0.002304524803161621,2.1689488595962523,46.09049606323242,0.23115643858909607,1.1760022653527749,1179.367312798947,,6000,
620,0.6200000000000004,0.001,620,2.1664130687713623,0.0023045501708984376,2.1687176189422606,46.09100341796875,0.2312202751636505,1.1759318814124173,1179.7636180384739,,6000,
621,0.6210000000000004,0.001,621,2.166182041168213,0.0023045757293701174,2.168486616897583,46.091514587402344,0.2312653660774231,1.1758615558824752,1180.0642597105414,,6000,
622,0.6220000000000004,0.001,622,2.1659505367279053,0.002304601287841797,2.168255138015747,46.09202575683594,0.2313150018453598,1.1757910710126283,1180.3882894576366,,6000,
623,0.6230000000000004,0.001,623,2.165719509124756,0.0023046268463134765,2.1680241359710695,46.09253692626953,0.23135794699192047,1.1757207171604935,1180.6780825501364,,6000,
624,0.6240000000000004,0.001,624,2.1654880046844482,0.0023046525955200195,2.167792657279968,46.09305191040039,0.23142418265342712,1.175650203905386,1181.0869349641266,,6000,
625,0.6250000000000004,0.001,625,2.1652565002441406,0.002304677963256836,2.1675611782073974,46.09355926513672,0.23152290284633636,1.1755796764395539,1181.6616473715,,6000,
626,0.6260000000000004,0.001,626,2.165024995803833,0.0023047033309936526,2.1673296991348265,46.09406661987305,0.23158496618270874,1.1755091347606859,1182.0493401602816,,6000,
627,0.6270000000000004,0.001,627,2.1647937297821045,0.002304729270935059,2.1670984590530398,46.09458541870117,0.2316894382238388,1.1754386515369093,1182.6534949530558,,6000,
628,0.6280000000000004,0.001,628,2.1645617485046387,0.002304755210876465,2.1668665037155153,46.0951042175293,0.23178936541080475,1.1753679360695033,1183.2347555060323,,6000,
629,0.6290000000000004,0.001,629,2.164330005645752,0.002304780578613281,2.1666347862243653,46.095611572265625,0.23186135292053223,1.17529727902326,1183.673392555911,,6000,
630,0.6300000000000004,0.001,630,2.1640982627868652,0.002304806709289551,2.166403069496155,46.096134185791016,0.2319539338350296,1.1752266077254243,1184.2172342436743,,6000,
631,0.6310000000000004,0.001,631,2.1638662815093994,0.0023048326492309573,2.1661711141586304,46.09665298461914,0.23206202685832977,1.1751558494445757,1184.8404292997118,,6000,
632,0.6320000000000005,0.001,632,2.1636340618133545,0.0023048580169677734,2.1659389198303223,46.09716033935547,0.23219427466392517,1.1750850041343468,1185.587121852396,,6000,
633,0.6330000000000005,0.001,633,2.1634018421173096,0.002304884338378906,2.1657067264556886,46.097686767578125,0.2322661131620407,1.1750141445068258,1186.0254495550446,,6000,
634,0.6340000000000005,0.001,634,2.1631696224212646,0.002304910087585449,2.16547453250885,46.098201751708984,0.2323773205280304,1.1749432705596794,1186.6648868111142,,6000,
635,0.6350000000000005,0.001,635,2.1629374027252197,0.0023049364089965823,2.1652423391342164,46.09872817993164,0.2324511557817459,1.1748723822905753,1187.1135586414096,,6000,
636,0.6360000000000005,0.001,636,2.1627047061920166,0.002304962539672852,2.1650096687316895,46.09925079345703,0.2325441837310791,1.1748013340919012,1187.6604681122426,,6000,
637,0.6370000000000005,0.001,637,2.1624722480773926,0.0023049886703491213,2.164777236747742,46.09977340698242,0.2326796054840088,1.1747303443250898,1188.4239133246635,,6000,
638,0.6380000000000005,0.001,638,2.1622395515441895,0.0023050146102905275,2.16454456615448,46.10029220581055,0.2328134924173355,1.174659267367761,1189.1796994325157,,6000,
639,0.6390000000000005,0.001,639,2.1620068550109863,0.0023050405502319338,2.164311895561218,46.10081100463867,0.23289263248443604,1.1745881760202144,1189.65593510501,,6000,
640,0.6400000000000005,0.001,640,2.161773920059204,0.00230506763458252,2.1640789876937867,46.10135269165039,0.23294594883918762,1.174516997418479,1190.0003968500555,,6000,
641,0.6410000000000005,0.001,641,2.161540985107422,0.0023050937652587893,2.1638460788726808,46.10187530517578,0.23299160599708557,1.1744458043923154,1190.3057857197966,,6000,
642,0.6420000000000005,0.001,642,2.1613080501556396,0.0023051195144653323,2.163613169670105,46.10239028930664,0.23307974636554718,1.174374596939368,1190.8282773128526,,6000,
643,0.6430000000000005,0.001,643,2.1610751152038574,0.0023051462173461915,2.1633802614212034,46.10292434692383,0.23312613368034363,1.1743033750572827,1191.1375133481415,,6000,
644,0.6440000000000005,0.001,644,2.160841703414917,0.002305172920227051,2.1631468763351442,46.103458404541016,0.2331068515777588,1.1742319929022602,1191.1113969988482,,6000,
645,0.6450000000000005,0.001,645,2.1606087684631348,0.0023051990509033206,2.1629139675140383,46.103981018066406,0.23320524394512177,1.1741607421252827,1191.6864646130648,,6000,
646,0.6460000000000005,0.001,646,2.1603755950927734,0.0023052257537841798,2.1626808208465578,46.104515075683594,0.23332162201404572,1.1740894039618,1192.353603874124,,6000,
647,0.6470000000000005,0.001,647,2.160142183303833,0.0023052522659301757,2.162447435569763,46.105045318603516,0.23339469730854034,1.1740179783650722,1192.79960755063,,6000,
648,0.6480000000000005,0.001,648,2.1599087715148926,0.0023052789688110353,2.1622140504837035,46.1055793762207,0.23349514603614807,1.1739465382682328,1193.3855849036827,,6000,
649,0.6490000000000005,0.001,649,2.159675359725952,0.0023053054809570313,2.1619806652069093,46.106109619140625,0.23359046876430511,1.1738750836689125,1193.9454479307537,,6000,
650,0.6500000000000005,0.001,650,2.1594417095184326,0.0023053325653076173,2.16174704208374,46.106651306152344,0.23370090126991272,1.173803541555175,1194.5827031341983,,6000,
651,0.6510000000000005,0.001,651,2.159208059310913,0.0023053590774536133,2.161513418388367,46.107181549072266,0.23383434116840363,1.173731984904562,1195.3376623066997,,6000,
652,0.6520000000000005,0.001,652,2.1589741706848145,0.002305385780334473,2.161279556465149,46.10771560668945,0.23395469784736633,1.1736603406754427,1196.0259186029505,,6000,
653,0.6530000000000005,0.001,653,2.158740282058716,0.0023054126739501953,2.161045694732666,46.108253479003906,0.2341061532497406,1.1735886818749974,1196.8732667516094,,6000,
654,0.6540000000000005,0.001,654,2.158506155014038,0.002305439567565918,2.160811594581604,46.10879135131836,0.23417112231254578,1.1735169354318624,1197.2786173368816,,6000,
655,0.6550000000000005,0.001,655,2.1582720279693604,0.0023054662704467773,2.1605774942398073,46.10932540893555,0.2343026101589203,1.1734451743828966,1198.0241528478964,,6000,
656,0.6560000000000005,0.001,656,2.1580376625061035,0.0023054933547973634,2.1603431558609008,46.109867095947266,0.2344464659690857,1.1733733256269623,1198.8331122687582,,6000,
657,0.6570000000000005,0.001,657,2.1578032970428467,0.0023055206298828127,2.1601088176727297,46.11041259765625,0.23451055586338043,1.173301462230638,1199.2342807663642,,6000,
658,0.6580000000000005,0.001,658,2.1575686931610107,0.002305547332763672,2.1598742404937745,46.11094665527344,0.23458531498908997,1.17322951106297,1199.6901515538125,,6000,
659,0.6590000000000005,0.001,659,2.157334089279175,0.002305574417114258,2.159639663696289,46.111488342285156,0.23462477326393127,1.1731575452202982,1199.9655505085955,,6000,
660,0.6600000000000005,0.001,660,2.157099723815918,0.0023056016921997073,2.159405325508118,46.11203384399414,0.23470859229564667,1.1730856378586012,1200.467816096155,,6000,
661,0.6610000000000005,0.001,661,2.156864881515503,0.002305628967285156,2.159170510482788,46.112579345703125,0.23479150235652924,1.1730135695003132,1200.965658683115,,6000,
662,0.6620000000000005,0.001,662,2.156630039215088,0.002305655860900879,2.158935695075989,46.11311721801758,0.2348991483449936,1.1729414864299412,1201.590110312927,,6000,
663,0.6630000000000005,0.001,663,2.156395196914673,0.0023056833267211915,2.158700880241394,46.11366653442383,0.23503483831882477,1.1728693886450705,1202.3581172512816,,6000,
664,0.6640000000000005,0.001,664,2.1561601161956787,0.002305710601806641,2.158465826797485,46.11421203613281,0.23510652780532837,1.1727972029251459,1202.7988839959783,,6000,
665,0.6650000000000005,0.001,665,2.1559250354766846,0.0023057380676269534,2.1582307735443114,46.11476135253906,0.2351716160774231,1.1727250024559874,1203.2059464149565,,6000,
666,0.6660000000000005,0.001,666,2.1556897163391113,0.0023057653427124023,2.157995481681824,46.11530685424805,0.23523756861686707,1.1726527139870953,1203.6175713969608,,6000,
667,0.6670000000000005,0.001,667,2.155454635620117,0.002305792808532715,2.15776042842865,46.1158561706543,0.23536498844623566,1.1725804839972374,1204.343710261462,,6000,
668,0.6680000000000005,0.001,668,2.155219316482544,0.0023058202743530274,2.157525136756897,46.11640548706055,0.23542657494544983,1.1725081659728502,1204.7331444388483,,6000,
669,0.6690000000000005,0.001,669,2.1549839973449707,0.0023058475494384767,2.157289844894409,46.11695098876953,0.2355036586523056,1.1724358331595817,1205.201949607681,,6000,
670,0.6700000000000005,0.001,670,2.1547484397888184,0.0023058752059936525,2.157054314994812,46.11750411987305,0.23563510179519653,1.1723634122469886,1205.9491075906449,,6000,
671,0.6710000000000005,0.001,671,2.154512643814087,0.0023059032440185547,2.1568185470581054,46.118064880371094,0.23571880161762238,1.1722909031876259,1206.452089545365,,6000,
672,0.6720000000000005,0.001,672,2.1542768478393555,0.002305930519104004,2.1565827783584597,46.11861038208008,0.2358391135931015,1.172218379272058,1207.1425483341584,,6000,
673,0.6730000000000005,0.001,673,2.154041051864624,0.00230595817565918,2.156347010040283,46.119163513183594,0.23593932390213013,1.17214584049784,1207.7302111241759,,6000,
674,0.6740000000000005,0.001,674,2.1538052558898926,0.002305986022949219,2.156111241912842,46.119720458984375,0.23608388006687164,1.1720732868625259,1208.5449743445722,,6000,
675,0.6750000000000005,0.001,675,2.153568983078003,0.0023060136795043946,2.1558749967575075,46.12027359008789,0.2362058460712433,1.1720005715973483,1209.244355995386,,6000,
676,0.6760000000000005,0.001,676,2.1533329486846924,0.0023060415267944336,2.1556389902114867,46.12083053588867,0.2362249791622162,1.1719279148042245,1209.4172833233274,,6000,
677,0.6770000000000005,0.001,677,2.1530966758728027,0.0023060693740844726,2.1554027452468874,46.12138748168945,0.2363612949848175,1.1718551696992958,1210.190308989134,,6000,
678,0.6780000000000005,0.001,678,2.152860403060913,0.0023060974121093753,2.1551665004730225,46.1219482421875,0.23644785583019257,1.1717824096632707,1210.7086804527441,,6000,
679,0.6790000000000005,0.001,679,2.1526238918304443,0.002306125831604004,2.1549300176620485,46.12251663208008,0.2365521937608719,1.1717095612502528,1211.3182391810283,,6000,
680,0.6800000000000005,0.001,680,2.1523873805999756,0.0023061534881591798,2.1546935340881346,46.123069763183594,0.23666320741176605,1.171636697871056,1211.9620758301578,,6000,
681,0.6810000000000005,0.001,681,2.1521506309509277,0.0023061817169189452,2.1544568126678465,46.123634338378906,0.23676379024982452,1.171563746049582,1212.5526641542442,,6000,
682,0.6820000000000005,0.001,682,2.151914119720459,0.002306209945678711,2.1542203296661375,46.12419891357422,0.23684053122997284,1.1714908527155292,1213.0211551254051,,6000,
683,0.6830000000000005,0.001,683,2.151677131652832,0.002306237602233887,2.153983369255066,46.124752044677734,0.23695744574069977,1.1714177974002076,1213.6956409570994,,6000,
684,0.6840000000000005,0.001,684,2.151440143585205,0.002306265640258789,2.1537464092254637,46.12531280517578,0.2370404154062271,1.1713447270483779,1214.1963502249346,,6000,
685,0.6850000000000005,0.001,685,2.151203155517578,0.0023062942504882816,2.1535094497680665,46.125885009765625,0.23707212507724762,1.1712716416575562,1214.4345511947104,,6000,
686,0.6860000000000005,0.001,686,2.150965929031372,0.002306322288513184,2.153272251319885,46.12644577026367,0.23721647262573242,1.1711984676760019,1215.2499128338454,,6000,
687,0.6870000000000005,0.001,687,2.150728940963745,0.0023063505172729493,2.153035291481018,46.127010345458984,0.23728810250759125,1.1711253521846094,1215.692762853894,,6000,
688,0.6880000000000005,0.001,688,2.15049147605896,0.0023063789367675784,2.1527978549957276,46.12757873535156,0.23741744458675385,1.1710520744876631,1216.4315307188588,,6000,
689,0.6890000000000005,0.001,689,2.150254249572754,0.002306407356262207,2.1525606569290163,46.12814712524414,0.2374935746192932,1.1709788552758957,1216.8976760729145,,6000,
690,0.6900000000000005,0.001,690,2.1500165462493896,0.0023064359664916995,2.1523229822158814,46.128719329833984,0.23753200471401215,1.1709054737626086,1217.170864958326,,6000,
691,0.6910000000000005,0.001,691,2.1497790813446045,0.0023064640045166018,2.152085545349121,46.12928009033203,0.23760804533958435,1.170832150729502,1217.636764714086,,6000,
692,0.6920000000000005,0.001,692,2.1495416164398193,0.002306492805480957,2.1518481092453,46.12985610961914,0.2376914769411087,1.1707588125793444,1218.140616430337,,6000,
693,0.6930000000000005,0.001,693,2.149303913116455,0.0023065216064453125,2.1516104347229006,46.13043212890625,0.23780140280723572,1.1706853856541763,1218.7804121652352,,6000,
694,0.6940000000000005,0.001,694,2.1490659713745117,0.0023065500259399417,2.1513725214004515,46.13100051879883,0.237892746925354,1.170611869905901,1219.325139481852,,6000,
695,0.6950000000000005,0.001,695,2.1488280296325684,0.002306578826904297,2.1511346084594725,46.13157653808594,0.23795245587825775,1.1705383389722668,1219.7077940420822,,6000,
696,0.6960000000000005,0.001,696,2.148590087890625,0.0023066078186035157,2.1508966957092284,46.13215637207031,0.2380160540342331,1.170464792850759,1220.1104492234729,,6000,
697,0.6970000000000005,0.001,697,2.1483521461486816,0.0023066362380981444,2.1506587823867798,46.13272476196289,0.2381005585193634,1.1703912315388636,1220.6203469568138,,6000,
698,0.6980000000000005,0.001,698,2.1481142044067383,0.0023066652297973633,2.1504208696365357,46.133304595947266,0.23817673325538635,1.1703176550340655,1221.0876195751496,,6000,
699,0.6990000000000005,0.001,699,2.147876024246216,0.002306694030761719,2.1501827182769775,46.133880615234375,0.23823386430740356,1.1702439895870498,1221.4574042365493,,6000,
700,0.7000000000000005,0.001,700,2.1476376056671143,0.0023067224502563476,2.1499443281173707,46.13444900512695,0.23827263712882996,1.1701702351495678,1221.7331972986374,,6000,2.178394775390625
701,0.7010000000000005,0.001,701,2.147399425506592,0.0023067516326904297,2.149706177139282,46.135032653808594,0.2383595108985901,1.170096539227969,1222.2556151949307,,6000,
702,0.7020000000000005,0.001,702,2.1471612453460693,0.0023067806243896485,2.149468025970459,46.13561248779297,0.23846693336963654,1.1700228280729164,1222.883490721645,,6000,
703,0.7030000000000005,0.001,703,2.1469225883483887,0.0023068098068237306,2.1492293981552124,46.13619613647461,0.2385425865650177,1.169948954066221,1223.348689201952,,6000,
704,0.7040000000000005,0.001,704,2.146684169769287,0.0023068389892578127,2.148991008758545,46.13677978515625,0.2386353462934494,1.1698751385830715,1223.9016203856402,,6000,
705,0.7050000000000005,0.001,705,2.1464455127716064,0.0023068679809570315,2.1487523807525637,46.137359619140625,0.23869793117046356,1.169801233989965,1224.299945502594,,6000,
706,0.7060000000000005,0.001,706,2.146206855773926,0.0023068971633911136,2.148513752937317,46.137943267822266,0.23877717554569244,1.169727314092205,1224.7837902169595,,6000,
707,0.7070000000000005,0.001,707,2.145968198776245,0.002306926155090332,2.1482751249313354,46.13852310180664,0.2388656884431839,1.169653378887253,1225.3152570914378,,6000,
708,0.7080000000000005,0.001,708,2.1457290649414062,0.0023069557189941406,2.1480360206604003,46.13911437988281,0.2388971745967865,1.1695792806039682,1225.554412045093,,6000,
709,0.7090000000000005,0.001,709,2.1454901695251465,0.0023069849014282226,2.147797154426575,46.13969802856445,0.2389678657054901,1.1695052408467987,1225.9946720672838,,6000,
710,0.7100000000000005,0.001,710,2.145251512527466,0.0023070140838623047,2.147558526611328,46.140281677246094,0.23911650478839874,1.1694312596591394,1226.8348540200407,,6000,
711,0.7110000000000005,0.001,711,2.145012378692627,0.00230704345703125,2.1473194221496583,46.140869140625,0.23918426036834717,1.1693571152936284,1227.2602983646484,,6000,
712,0.7120000000000005,0.001,712,2.144773006439209,0.002307073211669922,2.147080079650879,46.14146423339844,0.2392566055059433,1.1692828816013328,1227.7094410804068,,6000,
713,0.7130000000000005,0.001,713,2.14453387260437,0.002307102584838867,2.146840975189209,46.142051696777344,0.239348903298378,1.1692087064555778,1228.2609698859867,,6000,
714,0.7140000000000005,0.001,714,2.144294500350952,0.0023071319580078124,2.14660163230896,46.14263916015625,0.23942022025585175,1.1691344419472325,1228.7049889168745,,6000,
715,0.7150000000000005,0.001,715,2.144055128097534,0.0023071615219116214,2.1463622896194456,46.14323043823242,0.2395099401473999,1.1690601620193442,1229.2435304630803,,6000,
716,0.7160000000000005,0.001,716,2.143815517425537,0.00230719108581543,2.1461227085113523,46.143821716308594,0.2396191656589508,1.1689857926623097,1229.8823501347927,,6000,
717,0.7170000000000005,0.001,717,2.14357590675354,0.0023072206497192385,2.1458831274032595,46.144412994384766,0.23971262574195862,1.1689114078498646,1230.440343718918,,6000,
718,0.7180000000000005,0.001,718,2.143336296081543,0.0023072504043579103,2.1456435464859007,46.1450080871582,0.23979900777339935,1.1688370075794396,1230.962090788017,,6000,
719,0.7190000000000005,0.001,719,2.143096446990967,0.0023072803497314453,2.1454037273406983,46.145606994628906,0.2399350255727768,1.1687625177952614,1231.7388105090183,,6000,
720,0.7200000000000005,0.001,720,2.1428563594818115,0.002307309913635254,2.145163669395447,46.14619827270508,0.23999139666557312,1.1686879384485518,1232.106820495631,,6000,
721,0.7210000000000005,0.001,721,2.1426167488098145,0.0023073402404785157,2.144924089050293,46.14680480957031,0.24004970490932465,1.1686134917425992,1232.4846834587038,,6000,
722,0.7220000000000005,0.001,722,2.142376661300659,0.002307369613647461,2.1446840309143065,46.14739227294922,0.2401386797428131,1.1685388813695257,1233.0202284482189,,6000,
723,0.7230000000000005,0.001,723,2.142136335372925,0.002307399368286133,2.144443734741211,46.147987365722656,0.24019449949264526,1.1684641813490984,1233.3856869210256,,6000,
724,0.7240000000000005,0.001,724,2.1418962478637695,0.0023074295043945315,2.144203677368164,46.148590087890625,0.24031966924667358,1.168389539893056,1234.1072615319904,,6000,
725,0.7250000000000005,0.001,725,2.141655921936035,0.0023074594497680665,2.1439633813858032,46.14918899536133,0.2404816597700119,1.1683148087536117,1235.018119952946,,6000,
726,0.7260000000000005,0.001,726,2.1414153575897217,0.0023074893951416015,2.1437228469848635,46.14978790283203,0.24059075117111206,1.1682399878818344,1235.6575035956437,,6000,
727,0.7270000000000005,0.001,727,2.141174793243408,0.0023075197219848635,2.1434823129653933,46.150394439697266,0.24071025848388672,1.168165151405427,1236.3504844890467,,6000,
728,0.7280000000000005,0.001,728,2.1409342288970947,0.0023075496673583985,2.143241778564453,46.15099334716797,0.24079158902168274,1.168090299321789,1236.847472296397,,6000,
729,0.7290000000000005,0.001,729,2.140693426132202,0.0023075799942016604,2.1430010061264038,46.1515998840332,0.24091775715351105,1.1680153574206813,1237.5749460291058,,6000,
730,0.7300000000000005,0.001,730,2.1404523849487305,0.002307610321044922,2.1427599952697753,46.15220642089844,0.24102891981601715,1.1679403256530327,1238.2255215714904,,6000,
731,0.7310000000000005,0.001,731,2.140211582183838,0.0023076404571533205,2.142519222640991,46.152809143066406,0.2411181479692459,1.1678653524470297,1238.7634283217535,,6000,
732,0.7320000000000005,0.001,732,2.139970302581787,0.0023076704025268555,2.142277972984314,46.15340805053711,0.2412169873714447,1.1677902150841013,1239.3509600732843,,6000,
733,0.7330000000000005,0.001,733,2.1397292613983154,0.002307701110839844,2.142036962509155,46.154022216796875,0.24128970503807068,1.1677151362775846,1239.8042855241995,,6000,
734,0.7340000000000005,0.001,734,2.1394877433776855,0.002307731628417969,2.1417954750061035,46.154632568359375,0.24138663709163666,1.1676398932157859,1240.3822710793274,,6000,
735,0.7350000000000005,0.001,735,2.1392464637756348,0.0023077621459960938,2.141554225921631,46.155242919921875,0.24148350954055786,1.1675647087051493,1240.9599625961673,,6000,
736,0.7360000000000005,0.001,736,2.139004945755005,0.0023077922821044925,2.1413127380371093,46.155845642089844,0.24159421026706696,1.167489434157055,1241.6088910038059,,6000,
737,0.7370000000000005,0.001,737,2.138763427734375,0.0023078229904174804,2.1410712507247927,46.15645980834961,0.24177439510822296,1.1674141438540915,1242.615037933484,,6000,
738,0.7380000000000005,0.001,738,2.138521432876587,0.002307853698730469,2.1408292865753173,46.157073974609375,0.24189627170562744,1.1673386890987472,1243.3217915139196,,6000,
739,0.7390000000000005,0.001,739,2.138279676437378,0.002307884407043457,2.1405875608444216,46.15768814086914,0.24200917780399323,1.1672632928840068,1243.9824636619092,,6000,
740,0.7400000000000005,0.001,740,2.13803768157959,0.0023079145431518554,2.140345596122742,46.15829086303711,0.2421659529209137,1.1671878064967398,1244.8688286819768,,6000,
741,0.7410000000000005,0.001,741,2.1377954483032227,0.0023079456329345703,2.1401033939361573,46.158912658691406,0.24228136241436005,1.1671122298875216,1245.5427483835526,,6000,
742,0.7420000000000005,0.001,742,2.1375532150268555,0.0023079763412475586,2.139861191368103,46.15952682495117,0.24241645634174347,1.167036637416716,1246.3179744468468,,6000,
743,0.7430000000000005,0.001,743,2.1373109817504883,0.0023080074310302735,2.1396189891815185,46.16014862060547,0.24254505336284637,1.1669610290816668,1247.0599136650646,,6000,
744,0.7440000000000005,0.001,744,2.137068271636963,0.002308038139343262,2.1393763097763063,46.160762786865234,0.2426479160785675,1.1668852559975287,1247.6698021407585,,6000,
745,0.7450000000000006,0.001,745,2.1368257999420166,0.0023080690383911135,2.139133868980408,46.161380767822266,0.24268598854541779,1.1668095414380422,1247.9465410249447,,6000,
746,0.7460000000000006,0.001,746,2.136582851409912,0.002308099937438965,2.138890951347351,46.1619987487793,0.24275554716587067,1.1667336620302735,1248.3854116805546,,6000,
747,0.7470000000000006,0.001,747,2.1363401412963867,0.00230813102722168,2.1386482723236084,46.162620544433594,0.2428109347820282,1.1666578411418111,1248.7513967817085,,6000,
748,0.7480000000000006,0.001,748,2.1360974311828613,0.0023081615447998046,2.1384055927276613,46.163230895996094,0.2429114282131195,1.1665820043132296,1249.3494361219239,,6000,
749,0.7490000000000006,0.001,749,2.135854482650757,0.0023081930160522464,2.138162675666809,46.16386032104492,0.2429637908935547,1.1665060770224533,1249.7000865030798,,6000,
750,0.7500000000000006,0.001,750,2.1356117725372314,0.0023082241058349612,2.1379199966430664,46.16448211669922,0.24299754202365875,1.1664302082899496,1249.9549838300557,,6000,
751,0.7510000000000006,0.001,751,2.135368585586548,0.002308255195617676,2.1376768407821656,46.165103912353516,0.24305149912834167,1.1663541745077899,1250.314035516242,,6000,
752,0.7520000000000006,0.001,752,2.1351253986358643,0.002308286285400391,2.1374336849212647,46.16572570800781,0.24315804243087769,1.166278124712075,1250.9436845910525,,6000,
753,0.7530000000000006,0.001,753,2.1348822116851807,0.002308317565917969,2.1371905292510984,46.166351318359375,0.24331071972846985,1.1662020589001165,1251.8107880444536,,6000,
754,0.7540000000000006,0.001,754,2.134639024734497,0.002308348846435547,2.1369473735809326,46.16697692871094,0.24343787133693695,1.1661259770692256,1252.5466859871808,,6000,
755,0.7550000000000006,0.001,755,2.1343955993652344,0.002308380126953125,2.1367039794921876,46.1676025390625,0.24352648854255676,1.1660498046031127,1253.0844956083793,,6000,
756,0.7560000000000006,0.001,756,2.1341519355773926,0.002308411979675293,2.136460347557068,46.16823959350586,0.24362733960151672,1.1659735414519088,1253.6854273630115,,6000,
757,0.7570000000000006,0.001,757,2.13390851020813,0.002308443069458008,2.136216953277588,46.168861389160156,0.24370361864566803,1.1658973368558727,1254.1599209903393,,6000,
758,0.7580000000000006,0.001,758,2.133664846420288,0.0023084747314453128,2.1359733211517336,46.16949462890625,0.24374747276306152,1.165821041537872,1254.467696559292,,6000,
759,0.7590000000000006,0.001,759,2.133420944213867,0.002308506202697754,2.135729450416565,46.17012405395508,0.24383561313152313,1.1657446554479596,1255.0035481200193,,6000,
760,0.7600000000000006,0.001,760,2.1331772804260254,0.002308538055419922,2.1354858184814454,46.17076110839844,0.2439233958721161,1.165668327920847,1255.537566027166,,6000,
761,0.7610000000000006,0.001,761,2.1329333782196045,0.0023085691452026367,2.135241947364807,46.171382904052734,0.24407804012298584,1.1655919095848861,1256.4159279893001,,6000,
762,0.7620000000000006,0.001,762,2.1326892375946045,0.0023086008071899417,2.1349978384017945,46.17201614379883,0.2441672533750534,1.1655154003900512,1256.9576684787198,,6000,
763,0.7630000000000006,0.001,763,2.1324450969696045,0.0023086324691772462,2.1347537294387817,46.17264938354492,0.24427565932273865,1.1654388750259588,1257.5983068213561,,6000,
764,0.7640000000000006,0.001,764,2.1322009563446045,0.002308664321899414,2.134509620666504,46.17328643798828,0.24435046315193176,1.1653623334898877,1258.066042448001,,6000,
765,0.7650000000000006,0.001,765,2.1319563388824463,0.0023086961746215822,2.134265035057068,46.17392349243164,0.244456946849823,1.1652856262365097,1258.6971366290963,,6000,
766,0.7660000000000006,0.001,766,2.131711959838867,0.0023087282180786132,2.1340206880569457,46.174564361572266,0.24459479749202728,1.165208977529592,1259.4897681475277,,6000,
767,0.7670000000000006,0.001,767,2.131467342376709,0.0023087602615356447,2.1337761026382447,46.17520523071289,0.24465958774089813,1.165132237807947,1259.9063684025862,,6000,
768,0.7680000000000006,0.001,768,2.131222724914551,0.0023087919235229492,2.1335315168380737,46.175838470458984,0.2447822093963623,1.1650554818401486,1260.620871083705,,6000,
769,0.7690000000000006,0.001,769,2.1309778690338135,0.0023088237762451174,2.1332866928100587,46.176475524902344,0.24486440420150757,1.1649786347888105,1261.1273557608054,,6000,
770,0.7700000000000006,0.001,770,2.130733013153076,0.0023088560104370117,2.133041869163513,46.177120208740234,0.24495916068553925,1.1649017714541456,1261.6986256948876,,6000,
771,0.7710000000000006,0.001,771,2.130488395690918,0.0023088876724243167,2.132797283363342,46.17775344848633,0.2450660914182663,1.1648249666997745,1262.332616955816,,6000,
772,0.7720000000000006,0.001,772,2.1302430629730225,0.002308919906616211,2.132551982879639,46.17839813232422,0.2451680600643158,1.1647479210416134,1262.9413917050808,,6000,
773,0.7730000000000006,0.001,773,2.129997968673706,0.0023089521408081056,2.1323069208145142,46.17904281616211,0.2452237904071808,1.16467093392651,1263.3119790176936,,6000,
774,0.7740000000000006,0.001,774,2.1297528743743896,0.0023089845657348635,2.1320618589401246,46.179691314697266,0.24534791707992554,1.1645939304853443,1264.0350116422649,,6000,
775,0.7750000000000006,0.001,775,2.129507541656494,0.0023090166091918945,2.131816558265686,46.18033218383789,0.24540533125400543,1.1645168357854576,1264.4145127630452,,6000,
776,0.7760000000000006,0.001,776,2.1292619705200195,0.002309048843383789,2.1315710193634034,46.18097686767578,0.24554595351219177,1.1644396497763845,1265.2229090241594,,6000,
777,0.7770000000000006,0.001,777,2.129016637802124,0.0023090814590454103,2.1313257192611696,46.1816291809082,0.24561020731925964,1.1643625223311067,1265.6378195385585,,6000,
778,0.7780000000000006,0.001,778,2.1287708282470703,0.0023091135025024414,2.1310799417495727,46.18227005004883,0.24568362534046173,1.1642852285616145,1266.1001925309236,,6000,
779,0.7790000000000006,0.001,779,2.1285252571105957,0.0023091459274291993,2.130834403038025,46.182918548583984,0.24576231837272644,1.1642079933503775,1266.5897491330606,,6000,
780,0.7800000000000006,0.001,780,2.128279447555542,0.0023091785430908204,2.130588626098633,46.183570861816406,0.24587583541870117,1.1641306667233353,1267.2589552722545,,6000,
781,0.7810000000000006,0.001,781,2.1280336380004883,0.0023092109680175783,2.130342848968506,46.18421936035156,0.2459992617368698,1.16405332365538,1267.9793446113554,,6000,
782,0.7820000000000006,0.001,782,2.1277875900268555,0.0023092435836791995,2.130096833610535,46.184871673583984,0.24609708786010742,1.1639758891022767,1268.5679669013311,,6000,
783,0.7830000000000006,0.001,783,2.1275415420532227,0.0023092761993408206,2.1298508182525633,46.185523986816406,0.24621106684207916,1.163898438070781,1269.2399549063032,,6000,
784,0.7840000000000006,0.001,784,2.1272952556610107,0.002309309005737305,2.129604564666748,46.186180114746094,0.2462550401687622,1.1638208954846943,1269.5512228255955,,6000,
785,0.7850000000000006,0.001,785,2.127048969268799,0.0023093414306640625,2.129358310699463,46.18682861328125,0.24641509354114532,1.163743336382678,1270.4610329649995,,6000,
786,0.7860000000000006,0.001,786,2.126802682876587,0.002309374237060547,2.1291120571136473,46.18748474121094,0.246517613530159,1.1636657607619374,1271.0743334172478,,6000,
787,0.7870000000000006,0.001,787,2.126555919647217,0.0023094072341918945,2.128865326881409,46.18814468383789,0.2465958446264267,1.1635880183768508,1271.562653096494,,6000,
788,0.7880000000000006,0.001,788,2.126309633255005,0.0023094396591186524,2.1286190729141237,46.18879318237305,0.24675241112709045,1.1635104096782807,1272.4548525284927,,6000,
789,0.7890000000000006,0.001,789,2.1260626316070557,0.0023094728469848632,2.1283721044540407,46.189456939697266,0.2469344288110733,1.163432558992245,1273.4786914935528,,6000,
790,0.7900000000000006,0.001,790,2.1258158683776855,0.0023095056533813476,2.128125374031067,46.19011306762695,0.24702423810958862,1.1633547668496558,1274.027038777823,,6000,
791,0.7910000000000006,0.001,791,2.1255688667297363,0.002309538459777832,2.1278784051895143,46.19076919555664,0.24714821577072144,1.1632768829247149,1274.7517950292652,,6000,
792,0.7920000000000006,0.001,792,2.125321626663208,0.0023095716476440433,2.1276311983108522,46.19143295288086,0.24723030626773834,1.163198907166445,1275.260687116661,,6000,
793,0.7930000000000006,0.001,793,2.125074625015259,0.002309604644775391,2.1273842296600343,46.19209289550781,0.24728885293006897,1.1631209899592154,1275.6481315262315,,6000,
794,0.7940000000000006,0.001,794,2.1248271465301514,0.0023096378326416017,2.127136784362793,46.19275665283203,0.2473919838666916,1.1630429056471079,1276.265816155998,,6000,
795,0.7950000000000006,0.001,795,2.124579668045044,0.0023096710205078126,2.126889339065552,46.19342041015625,0.24753817915916443,1.1629648046305174,1277.1057808811806,,6000,
796,0.7960000000000006,0.001,796,2.1243324279785156,0.0023097042083740234,2.12664213218689,46.19408416748047,0.2476760596036911,1.1628867621725711,1277.9028930089562,,6000,
797,0.7970000000000006,0.001,797,2.124084711074829,0.002309737205505371,2.1263944482803345,46.19474411010742,0.24777424335479736,1.1628085524725413,1278.4954642513176,,6000,
798,0.7980000000000006,0.001,798,2.1238369941711426,0.0023097711563110353,2.1261467653274537,46.1954231262207,0.2479093223810196,1.1627303260273008,1279.2785231364064,,6000,
799,0.7990000000000006,0.001,799,2.123588800430298,0.002309804153442383,2.1258986045837402,46.196083068847656,0.2480616420507431,1.1626519322053541,1280.150844011649,,6000,
800,0.8000000000000006,0.001,800,2.1233408451080322,0.0023098371505737305,2.125650682258606,46.19674301147461,0.24819421768188477,1.1625735968984392,1280.921319789271,,6000,2.157515625
801,0.8010000000000006,0.001,801,2.1230926513671875,0.0023098711013793947,2.125402522468567,46.19742202758789,0.24831423163414001,1.1624951694588763,1281.6271662430725,,6000,
802,0.8020000000000006,0.001,802,2.1228444576263428,0.0023099042892456055,2.1251543619155884,46.19808578491211,0.24846458435058594,1.1624167251981374,1282.4897248870936,,6000,
803,0.8030000000000006,0.001,803,2.122596025466919,0.0023099376678466796,2.1249059631347658,46.198753356933594,0.24857230484485626,1.1623381887343933,1283.1324338513548,,6000,
804,0.8040000000000006,0.001,804,2.122347354888916,0.0023099714279174806,2.1246573263168336,46.19942855834961,0.24862760305404663,1.1622595600162386,1283.5047089683112,,6000,
805,0.8050000000000006,0.001,805,2.122098684310913,0.0023100046157836914,2.124408688926697,46.20009231567383,0.24876050651073456,1.1621809144035855,1284.2777063073431,,6000,
806,0.8060000000000006,0.001,806,2.12185001373291,0.0023100385665893557,2.1241600522994997,46.20077133178711,0.24890270829200745,1.162102251893556,1285.0988347356165,,6000,
807,0.8070000000000006,0.001,807,2.121601104736328,0.0023100719451904297,2.1239111766815184,46.201438903808594,0.2489747405052185,1.1620234970394847,1285.5578625021135,,6000,
808,0.8080000000000006,0.001,808,2.121352195739746,0.0023101062774658204,2.123662302017212,46.202125549316406,0.2490512877702713,1.1619447252498494,1286.0402858667062,,6000,
809,0.8090000000000006,0.001,809,2.121103286743164,0.0023101400375366214,2.1234134267807008,46.20280075073242,0.2491082400083542,1.1618659365217638,1286.4216025857538,,6000,
810,0.8100000000000006,0.001,810,2.120853900909424,0.0023101736068725587,2.1231640745162963,46.20347213745117,0.24919962882995605,1.1617869798673652,1286.9810033078825,,6000,
811,0.8110000000000006,0.001,811,2.1206047534942627,0.0023102073669433597,2.122914960861206,46.20414733886719,0.24932755529880524,1.1617080817125127,1287.7291251926033,,6000,
812,0.8120000000000006,0.001,812,2.1203553676605225,0.0023102413177490235,2.1226656089782714,46.20482635498047,0.24936440587043762,1.1616290910530522,1288.0070297363911,,6000,
813,0.8130000000000006,0.001,813,2.1201062202453613,0.0023102752685546877,2.122416495513916,46.20550537109375,0.24941013753414154,1.1615501589198514,1288.330782543595,,6000,
814,0.8140000000000006,0.001,814,2.119856834411621,0.002310309410095215,2.1221671438217165,46.2061882019043,0.24945834279060364,1.1614711342437258,1288.6674602707262,,6000,
815,0.8150000000000006,0.001,815,2.119607448577881,0.002310343551635742,2.1219177921295165,46.206871032714844,0.24953831732273102,1.16139209254678,1289.1683295803728,,6000,
816,0.8160000000000006,0.001,816,2.1193578243255615,0.002310377883911133,2.121668202209473,46.207557678222656,0.24963027238845825,1.1613129582360129,1289.7312681379349,,6000,
817,0.8170000000000006,0.001,817,2.119107961654663,0.002310411834716797,2.1214183734893797,46.20823669433594,0.24973709881305695,1.1612337312596366,1290.3712254835577,,6000,
818,0.8180000000000006,0.001,818,2.1188583374023438,0.0023104459762573245,2.121168783378601,46.208919525146484,0.24977180361747742,1.1611545628112563,1290.6385331480324,,6000,
819,0.8190000000000006,0.001,819,2.1186087131500244,0.0023104801177978515,2.1209191932678224,46.20960235595703,0.24986524879932404,1.1610753772978475,1291.2094443730166,,6000,
820,0.8200000000000006,0.001,820,2.118358612060547,0.002310514259338379,2.120669126319885,46.21028518676758,0.24996474385261536,1.1609960234058339,1291.8118864145595,,6000,
821,0.8210000000000006,0.001,821,2.1181089878082275,0.0023105485916137696,2.1204195363998415,46.21097183227539,0.25003892183303833,1.1609168037210194,1292.283414444186,,6000,
822,0.8220000000000006,0.001,822,2.117858648300171,0.0023105831146240235,2.120169231414795,46.21166229248047,0.250128835439682,1.160837339898477,1292.836611173573,,6000,
823,0.8230000000000006,0.001,823,2.1176087856292725,0.0023106174468994142,2.119919403076172,46.21234893798828,0.2502431869506836,1.1607580103099455,1293.516054481659,,6000,
824,0.8240000000000006,0.001,824,2.117358446121216,0.002310651779174805,2.1196690979003905,46.213035583496094,0.2503133714199066,1.160678512167803,1293.9674619411824,,6000,
825,0.8250000000000006,0.001,825,2.1171083450317383,0.002310686492919922,2.119419031524658,46.21372985839844,0.2503848373889923,1.1605990725821518,1294.4254909592084,,6000,
826,0.8260000000000006,0.001,826,2.1168577671051025,0.002310721206665039,2.1191684883117676,46.21442413330078,0.25047364830970764,1.1605194643388945,1294.9734459769359,,6000,
827,0.8270000000000006,0.001,827,2.116607189178467,0.0023107559204101564,2.118917945098877,46.215118408203125,0.25057217478752136,1.1604398388764487,1295.571729233951,,6000,
828,0.8280000000000006,0.001,828,2.11635684967041,0.002310790252685547,2.1186676399230957,46.21580505371094,0.25069713592529297,1.1603602719780604,1296.3067177296452,,6000,
829,0.8290000000000006,0.001,829,2.1161060333251953,0.002310824966430664,2.118416858291626,46.21649932861328,0.2507569491863251,1.160280536282206,1296.7051054211709,,6000,
830,0.8300000000000006,0.001,830,2.1158554553985596,0.0023108598709106446,2.11816631526947,46.21719741821289,0.2508584260940552,1.160200859144517,1297.3189467159725,,6000,
831,0.8310000000000006,0.001,831,2.1156044006347656,0.0023108943939208985,2.1179152950286864,46.21788787841797,0.25090181827545166,1.1601210131050617,1297.6326543930797,,6000,
832,0.8320000000000006,0.001,832,2.115353584289551,0.002310929489135742,2.1176645137786867,46.218589782714844,0.2510325312614441,1.1600412256178625,1298.3979830255025,,6000,
833,0.8330000000000006,0.001,833,2.115102529525757,0.0023109647750854494,2.1174134943008425,46.219295501708984,0.2511104941368103,1.1599613449927202,1298.890666766415,,6000,
834,0.8340000000000006,0.001,834,2.114851474761963,0.00231099910736084,2.1171624738693238,46.2199821472168,0.2512415945529938,1.1598814470620757,1299.6583151978682,,6000,
835,0.8350000000000006,0.001,835,2.11460018157959,0.002311034393310547,2.1169112159729004,46.22068786621094,0.25132858753204346,1.1598014559218242,1300.1979929346674,,6000,
836,0.8360000000000006,0.001,836,2.114348888397217,0.002311069107055664,2.1166599575042726,46.22138214111328,0.2514728009700775,1.1597214474372453,1301.0338035523062,,6000,
837,0.8370000000000006,0.001,837,2.1140975952148438,0.002311104202270508,2.1164086994171143,46.222084045410156,0.2515290081501007,1.1596414216053668,1301.4144034380531,,6000,
838,0.8380000000000006,0.001,838,2.1138460636138916,0.002311139488220215,2.116157203102112,46.2227897644043,0.251640647649765,1.15956130247268,1302.0819879716216,,6000,
839,0.8390000000000006,0.001,839,2.1135942935943604,0.0023111743927001953,2.1159054679870604,46.223487854003906,0.2517211437225342,1.159481089986769,1302.5886108694017,,6000,
840,0.8400000000000006,0.001,840,2.113342761993408,0.002311210060119629,2.115653972053528,46.22420120239258,0.2518158257007599,1.159400936062238,1303.1686513348243,,6000,
841,0.8410000000000006,0.001,841,2.113090753555298,0.0023112451553344727,2.1154019987106323,46.22490310668945,0.25191327929496765,1.1593206127454954,1303.7633068477319,,6000,
842,0.8420000000000006,0.001,842,2.1128389835357666,0.002311280632019043,2.1151502641677857,46.22561264038086,0.2520136535167694,1.159240347984155,1304.3730954758694,,6000,
843,0.8430000000000006,0.001,843,2.1125869750976562,0.0023113155364990236,2.114898290634155,46.22631072998047,0.2521442472934723,1.1591599897586278,1305.1394950889032,,6000,
844,0.8440000000000006,0.001,844,2.112334728240967,0.0023113513946533206,2.11464607963562,46.227027893066406,0.2522798180580139,1.1590795380163448,1305.931869816805,,6000,
845,0.8450000000000006,0.001,845,2.1120824813842773,0.002311386299133301,2.1143938676834106,46.227725982666016,0.2523597180843353,1.1589990687708411,1306.4361735094658,,6000,
846,0.8460000000000006,0.001,846,2.111829996109009,0.002311422157287598,2.1141414182662963,46.22844314575195,0.2525058388710022,1.1589185059363944,1307.2834935894653,,6000,
847,0.8470000000000006,0.001,847,2.1115777492523193,0.0023114572525024415,2.1138892065048216,46.22914505004883,0.25258946418762207,1.1588380016588808,1307.8072888153788,,6000,
848,0.8480000000000006,0.001,848,2.111325263977051,0.0023114933013916017,2.1136367572784422,46.22986602783203,0.25267666578292847,1.1587574037532886,1308.3497803655505,,6000,
849,0.8490000000000006,0.001,849,2.111072301864624,0.002311528778076172,2.1133838306427,46.23057556152344,0.25274184346199036,1.1586766360344547,1308.7784922995966,,6000,
850,0.8500000000000006,0.001,850,2.1108195781707764,0.0023115642547607423,2.1131311424255372,46.231285095214844,0.25286251306533813,1.1585959268469126,1309.4945729016843,,6000,
851,0.8510000000000006,0.001,851,2.1105668544769287,0.0023116001129150393,2.112878454589844,46.23200225830078,0.25293588638305664,1.1585152000717864,1309.9658236718017,,6000,
852,0.8520000000000006,0.001,852,2.110313892364502,0.0023116355895996094,2.1126255279541017,46.23271179199219,0.25301671028137207,1.1584343795238161,1310.4758357674605,,6000,
853,0.8530000000000006,0.001,853,2.110060930252075,0.002311671257019043,2.1123726015090942,46.23342514038086,0.2531278431415558,1.1583535413490005,1311.1429323042448,,6000,
854,0.8540000000000006,0.001,854,2.1098077297210693,0.0023117073059082034,2.1121194370269776,46.23414611816406,0.2532190680503845,1.158272609328823,1311.7071025125033,,6000,
855,0.8550000000000006,0.001,855,2.1095547676086426,0.0023117433547973636,2.11186651096344,46.234867095947266,0.2533935606479645,1.1581917358745992,1312.702652587741,,6000,
856,0.8560000000000006,0.001,856,2.1093010902404785,0.002311779022216797,2.111612869262695,46.23558044433594,0.2535059452056885,1.1581106160381505,1313.3768486101374,,6000,
857,0.8570000000000007,0.001,857,2.1090478897094727,0.0023118152618408203,2.1113597049713135,46.236305236816406,0.2535620331764221,1.1580296309937077,1313.7593014377705,,6000,
858,0.8580000000000007,0.001,858,2.1087942123413086,0.002311850929260254,2.1111060632705687,46.23701858520508,0.25364747643470764,1.1579484757098002,1314.2941076677523,,6000,
859,0.8590000000000007,0.001,859,2.1085402965545654,0.0023118873596191408,2.1108521839141847,46.23774719238281,0.2537538409233093,1.1578672263821173,1314.9375082470774,,6000,
860,0.8600000000000007,0.001,860,2.1082868576049805,0.0023119232177734378,2.110598780822754,46.23846435546875,0.2538435459136963,1.1577861119039654,1315.4945113113524,,6000,
861,0.8610000000000007,0.001,861,2.1080329418182373,0.002311959457397461,2.1103449012756346,46.23918914794922,0.25388720631599426,1.1577048270437664,1315.813152291864,,6000,
862,0.8620000000000007,0.001,862,2.107779026031494,0.0023119956970214846,2.1100910217285156,46.23991394042969,0.2539571225643158,1.1576235243960136,1316.2679431388567,,6000,
863,0.8630000000000007,0.001,863,2.107525110244751,0.0023120321273803713,2.109837142372131,46.24064254760742,0.2541021406650543,1.1575422039576402,1317.1121007749612,,6000,
864,0.8640000000000007,0.001,864,2.1072709560394287,0.0023120683670043948,2.109583024406433,46.24136734008789,0.25424155592918396,1.1574607893432896,1317.9274404972289,,6000,
865,0.8650000000000007,0.001,865,2.1070170402526855,0.0023121046066284182,2.109329144859314,46.24209213256836,0.2543255686759949,1.1573794332977614,1318.4556146017017,,6000,
866,0.8660000000000007,0.001,866,2.106762647628784,0.002312141227722168,2.1090747888565065,46.24282455444336,0.25441503524780273,1.1572979066209286,1319.0123327396775,,6000,
867,0.8670000000000007,0.001,867,2.106508255004883,0.0023121774673461916,2.108820432472229,46.24354934692383,0.2545525133609772,1.1572163620742697,1319.818082616983,,6000,
868,0.8680000000000007,0.001,868,2.1062536239624023,0.002312213516235352,2.1085658374786376,46.24427032470703,0.25461849570274353,1.1571347232054348,1320.2533322865597,,6000,
869,0.8690000000000007,0.001,869,2.105998992919922,0.0023122509002685547,2.1083112438201903,46.245018005371094,0.2547338306903839,1.1570530664270788,1320.9445862858602,,6000,
870,0.8700000000000007,0.001,870,2.1057443618774414,0.002312286949157715,2.108056648826599,46.2457389831543,0.2548573613166809,1.1569713917361086,1321.6784605239961,,6000,
871,0.8710000000000007,0.001,871,2.105489492416382,0.0023123237609863284,2.107801816177368,46.24647521972656,0.25497525930404663,1.1568896226298295,1322.38333363786,,6000,
872,0.8720000000000007,0.001,872,2.105234384536743,0.0023123603820800784,2.107546744918823,46.24720764160156,0.2550337612628937,1.1568077590547627,1322.7803458266076,,6000,
873,0.8730000000000007,0.001,873,2.1049795150756836,0.0023123973846435547,2.1072919124603273,46.247947692871094,0.25515225529670715,1.1567259540238317,1323.4885293744364,,6000,
874,0.8740000000000007,0.001,874,2.104724168777466,0.0023124338150024414,2.1070366025924683,46.24867630004883,0.25524431467056274,1.156643977934249,1324.0598812078324,,6000,
875,0.8750000000000007,0.001,875,2.104469060897827,0.0023124708175659182,2.1067815317153933,46.24941635131836,0.25532764196395874,1.1565620603825801,1324.585946799078,,6000,
876,0.8760000000000007,0.001,876,2.1042139530181885,0.002312507438659668,2.1065264604568483,46.25014877319336,0.25546079874038696,1.156480124832489,1325.3706307009263,,6000,
877,0.8770000000000007,0.001,877,2.1039583683013916,0.0023125446319580078,2.1062709129333497,46.250892639160156,0.25557398796081543,1.1563980180797977,1326.0520199707544,,6000,
878,0.8780000000000007,0.001,878,2.1037025451660156,0.0023125814437866214,2.1060151266098024,46.25162887573242,0.2557215988636017,1.1563158166376697,1326.912225107434,,6000,
879,0.8790000000000007,0.001,879,2.1034469604492188,0.0023126180648803713,2.1057595785140992,46.25236129760742,0.2558164596557617,1.1562336737209464,1327.4987511780544,,6000,
880,0.8800000000000007,0.001,880,2.1031911373138428,0.002312655448913574,2.1055037927627565,46.253108978271484,0.2558883726596832,1.1561514360747815,1327.9663788427729,,6000,
881,0.8810000000000007,0.001,881,2.102935314178467,0.002312692642211914,2.1052480068206787,46.25385284423828,0.2559967637062073,1.1560691803134548,1328.6234149246848,,6000,
882,0.8820000000000007,0.001,882,2.1026792526245117,0.002312729835510254,2.104991982460022,46.25459671020508,0.2561134696006775,1.1559868297488811,1329.3238106682265,,6000,
883,0.8830000000000007,0.001,883,2.1024231910705566,0.002312767028808594,2.1047359580993654,46.255340576171875,0.2561875283718109,1.1559044610290745,1329.8029569523412,,6000,
884,0.8840000000000007,0.001,884,2.1021668910980225,0.00231280403137207,2.1044796951293945,46.256080627441406,0.2562588155269623,1.1558219974321111,1330.267892960814,,6000,
885,0.8850000000000007,0.001,885,2.1019108295440674,0.0023128414154052735,2.1042236709594726,46.25682830810547,0.25639259815216064,1.1557395923754876,1331.0572719509018,,6000,
886,0.8860000000000007,0.001,886,2.101654529571533,0.0023128786087036135,2.1039674081802366,46.257572174072266,0.2564332187175751,1.1556570924015699,1331.3631893246886,,6000,
887,0.8870000000000007,0.001,887,2.101398229598999,0.0023129159927368164,2.1037111455917357,46.25831985473633,0.256527841091156,1.1555745742259798,1331.9495607437468,,6000,
888,0.8880000000000007,0.001,888,2.1011416912078857,0.0023129539489746094,2.1034546451568605,46.25907897949219,0.2566043734550476,1.155491961059057,1332.442191392793,,6000,
889,0.8890000000000007,0.001,889,2.1008851528167725,0.002312990760803223,2.1031981435775755,46.25981521606445,0.25667282938957214,1.1554093296502577,1332.8929729203433,,6000,
890,0.8900000000000007,0.001,890,2.100628137588501,0.0023130285263061523,2.102941166114807,46.26057052612305,0.25681161880493164,1.1553265263555352,1333.7092827689557,,6000,
891,0.8910000000000007,0.001,891,2.1003713607788086,0.0023130661010742188,2.102684426879883,46.261322021484375,0.2569366991519928,1.1552437815821426,1334.454441122946,,6000,
892,0.8920000000000007,0.001,892,2.100114583969116,0.0023131036758422853,2.1024276876449584,46.2620735168457,0.2569979131221771,1.155161018523431,1334.8680002239753,,6000,
893,0.8930000000000007,0.001,893,2.0998575687408447,0.002313141250610352,2.102170709991455,46.26282501220703,0.2570468485355377,1.1550781603048246,1335.2179482003357,,6000,
894,0.8940000000000007,0.001,894,2.0996005535125732,0.002313179206848145,2.1019137327194213,46.26358413696289,0.2571088969707489,1.1549952837605664,1335.6360874494183,,6000,
895,0.8950000000000007,0.001,895,2.0993435382843018,0.002313216781616211,2.101656755065918,46.26433563232422,0.25721585750579834,1.154912388887475,1336.287635221788,,6000,
896,0.8960000000000007,0.001,896,2.099086284637451,0.0023132545471191406,2.10139953918457,46.26509094238281,0.25733059644699097,1.1548293987599374,1336.9798000811934,,6000,
897,0.8970000000000007,0.001,897,2.0988287925720215,0.0023132923126220704,2.1011420848846436,46.265846252441406,0.2574329078197479,1.1547463133236933,1337.6076018573206,,6000,
898,0.8980000000000007,0.001,898,2.098571538925171,0.0023133302688598634,2.1008848691940307,46.266605377197266,0.2575196623802185,1.1546632864374688,1338.1545879479104,,6000,
899,0.8990000000000007,0.001,899,2.098314046859741,0.0023133682250976563,2.1006274150848387,46.267364501953125,0.2576389014720917,1.154580164202077,1338.8705754362804,,6000,
900,0.9000000000000007,0.001,900,2.0980563163757324,0.0023134063720703125,2.1003697227478026,46.26812744140625,0.2577085793018341,1.1544969465631754,1339.329203437085,,6000,2.13576611328125
901,0.9010000000000007,0.001,901,2.0977985858917236,0.0023134443283081055,2.1001120302200316,46.26888656616211,0.2577739357948303,1.1544137104740568,1339.7654590691382,,6000,
902,0.9020000000000007,0.001,902,2.097541093826294,0.0023134820938110353,2.099854575920105,46.2696418762207,0.2578931450843811,1.1543305329562688,1340.4816266476662,,6000,
903,0.9030000000000007,0.001,903,2.097282886505127,0.0023135202407836915,2.0995964067459107,46.27040481567383,0.25803396105766296,1.1542471058904853,1341.3105031366404,,6000,
904,0.9040000000000007,0.001,904,2.097025156021118,0.002313558769226074,2.099338714790344,46.271175384521484,0.25812333822250366,1.154163814414384,1341.8719335962232,,6000,
905,0.9050000000000007,0.001,905,2.096766948699951,0.0023135969161987304,2.09908054561615,46.27193832397461,0.25823116302490234,1.1540803503231658,1342.5295541298788,,6000,
906,0.9060000000000007,0.001,906,2.096508741378784,0.002313635063171387,2.0988223764419556,46.272701263427734,0.25831523537635803,1.153996867697284,1343.063794749151,,6000,
907,0.9070000000000007,0.001,907,2.096250295639038,0.0023136734008789065,2.098563969039917,46.273468017578125,0.2583918273448944,1.1539132894232222,1343.5593283133965,,6000,
908,0.9080000000000007,0.001,908,2.095992088317871,0.0023137115478515627,2.098305799865723,46.27423095703125,0.258535772562027,1.1538297697012092,1344.4051073269306,,6000,
909,0.9090000000000007,0.001,909,2.095733642578125,0.002313749885559082,2.098047392463684,46.27499771118164,0.25864291191101074,1.1537461542902978,1345.059713261325,,6000,
910,0.9100000000000007,0.001,910,2.0954749584198,0.002313788604736328,2.097788747024536,46.27577209472656,0.25871655344963074,1.1536624431358313,1345.5403094152887,,6000,
911,0.9110000000000007,0.001,911,2.0952160358428955,0.002313827133178711,2.0975298629760744,46.27654266357422,0.2587880790233612,1.1535786361830862,1346.0100815300912,,6000,
912,0.9120000000000007,0.001,912,2.0949573516845703,0.0023138652801513674,2.097271216964722,46.277305603027344,0.2588420510292053,1.1534948877694284,1346.388547224902,,6000,
913,0.9130000000000007,0.001,913,2.094698667526245,0.00231390438079834,2.0970125719070434,46.2780876159668,0.2589476704597473,1.1534111207298876,1347.0357575322312,,6000,
914,0.9140000000000007,0.001,914,2.0944395065307617,0.002313942909240723,2.0967534494400026,46.27885818481445,0.259039044380188,1.153327180600386,1347.609154127489,,6000,
915,0.9150000000000007,0.001,915,2.0941805839538574,0.0023139814376831056,2.0964945653915406,46.27962875366211,0.25908467173576355,1.1532432990173809,1347.94455926091,,6000,
916,0.9160000000000007,0.001,916,2.093921661376953,0.0023140201568603515,2.0962356815338135,46.28040313720703,0.25917550921440125,1.1531593987643818,1348.5152676660812,,6000,
917,0.9170000000000007,0.001,917,2.0936625003814697,0.002314058876037598,2.0959765592575073,46.28117752075195,0.2592903673648834,1.1530754025561154,1349.2111623754708,,6000,
918,0.9180000000000007,0.001,918,2.0934031009674072,0.0023140979766845702,2.095717198944092,46.281959533691406,0.2593986392021179,1.1529913103376828,1349.872996663677,,6000,
919,0.9190000000000007,0.001,919,2.093143939971924,0.0023141365051269533,2.0954580764770507,46.28273010253906,0.2594881057739258,1.152907276687103,1350.4369918779707,,6000,
920,0.9200000000000007,0.001,920,2.0928845405578613,0.0023141754150390625,2.0951987159729004,46.28350830078125,0.2596099376678467,1.1528231469853731,1351.1696309016281,,6000,
921,0.9210000000000007,0.001,921,2.0926246643066406,0.0023142145156860353,2.094938878822327,46.2842903137207,0.25972601771354675,1.1527388438265362,1351.87264194923,,6000,
922,0.9220000000000007,0.001,922,2.092365026473999,0.002314253616333008,2.094679280090332,46.285072326660156,0.25986504554748535,1.1526545992084705,1352.6951389909955,,6000,
923,0.9230000000000007,0.001,923,2.0921051502227783,0.0023142925262451173,2.0944194427490235,46.285850524902344,0.2599674165248871,1.1525702584086637,1353.3270425552373,,6000,
924,0.9240000000000007,0.001,924,2.0918452739715576,0.00231433162689209,2.0941596055984495,46.2866325378418,0.26004448533058167,1.1524858987748003,1353.8273341497704,,6000,
925,0.9250000000000007,0.001,925,2.091585397720337,0.0023143707275390625,2.093899768447876,46.28741455078125,0.26018375158309937,1.1524015203035909,1354.6515532948415,,6000,
926,0.9260000000000007,0.001,926,2.091324806213379,0.0023144100189208985,2.0936392162322996,46.28820037841797,0.2602841258049011,1.1523168906795636,1355.2736816245158,,6000,
927,0.9270000000000007,0.001,927,2.091064691543579,0.0023144491195678713,2.093379140663147,46.28898239135742,0.260318398475647,1.1522323970172068,1355.551531876045,,6000,
928,0.9280000000000007,0.001,928,2.0908043384552,0.0023144886016845706,2.093118827056885,46.289772033691406,0.2604610323905945,1.1521478070009834,1356.3938453447345,,6000,
929,0.9290000000000007,0.001,929,2.0905439853668213,0.002314527702331543,2.092858513069153,46.29055404663086,0.2605583071708679,1.1520631980649947,1357.0000722625373,,6000,
930,0.9300000000000007,0.001,930,2.0902836322784424,0.002314566993713379,2.092598199272156,46.29133987426758,0.26062673330307007,1.1519785702059318,1357.456154361341,,6000,
931,0.9310000000000007,0.001,931,2.0900228023529053,0.0023146064758300783,2.0923374088287354,46.29212951660156,0.2606946527957916,1.1518937683723782,1357.909869574964,,6000,
932,0.9320000000000007,0.001,932,2.089761972427368,0.0023146457672119144,2.09207661819458,46.29291534423828,0.26080015301704407,1.1518089475397242,1358.5594394319435,,6000,
933,0.9330000000000007,0.001,933,2.08950138092041,0.00231468563079834,2.0918160665512087,46.2937126159668,0.26086047291755676,1.1517241852634448,1358.973665337527,,6000,
934,0.9340000000000007,0.001,934,2.089240550994873,0.0023147253036499026,2.091555276298523,46.29450607299805,0.2609756290912628,1.151639326439984,1359.6737612183124,,6000,
935,0.9350000000000007,0.001,935,2.088979482650757,0.002314764976501465,2.0912942476272582,46.2952995300293,0.2610532343387604,1.151554371013893,1360.1784209750226,,6000,
936,0.9360000000000007,0.001,936,2.0887184143066406,0.0023148042678833008,2.0910332185745237,46.296085357666016,0.26115721464157104,1.1514693965406206,1360.820611087903,,6000,
937,0.9370000000000007,0.001,937,2.0884573459625244,0.00231484375,2.090772189712524,46.296875,0.2612587511539459,1.1513844030168314,1361.450183636681,,6000,
938,0.9380000000000007,0.001,938,2.088196039199829,0.0023148839950561523,2.090510923194885,46.29767990112305,0.26132625341415405,1.1512993127934223,1361.902593931508,,6000,
939,0.9390000000000007,0.001,939,2.087934970855713,0.002314923858642578,2.0902498947143555,46.29847717285156,0.26143088936805725,1.1512142811411856,1362.5485384470933,,6000,
940,0.9400000000000007,0.001,940,2.0876734256744385,0.002314963722229004,2.0899883893966673,46.29927444458008,0.26154690980911255,1.1511290750672123,1363.2541240112869,,6000,
941,0.9410000000000007,0.001,941,2.087411880493164,0.00231500358581543,2.0897268840789796,46.300071716308594,0.26167812943458557,1.1510438498596653,1364.0390648878715,,6000,
942,0.9420000000000007,0.001,942,2.0871503353118896,0.0023150432586669925,2.089465378570557,46.300865173339844,0.26175251603126526,1.1509586055151901,1364.5278715168042,,6000,
943,0.9430000000000007,0.001,943,2.086888313293457,0.0023150835037231447,2.0892033967971804,46.30167007446289,0.2618383765220642,1.1508731865644828,1365.0767760278873,,6000,
944,0.9440000000000007,0.001,944,2.0866265296936035,0.0023151233673095704,2.088941653060913,46.302467346191406,0.26198703050613403,1.1507878261507325,1365.95308649964,,6000,
945,0.9450000000000007,0.001,945,2.086364507675171,0.0023151634216308594,2.0886796710968016,46.30326843261719,0.2621276378631592,1.1507023687871194,1366.787685365335,,6000,
946,0.9460000000000007,0.001,946,2.0861024856567383,0.0023152034759521484,2.08841768913269,46.30406951904297,0.262216717004776,1.1506168922032536,1367.3537323235616,,6000,
947,0.9470000000000007,0.001,947,2.0858402252197266,0.0023152439117431643,2.0881554691314697,46.30487823486328,0.26232513785362244,1.1505313185928236,1368.0208454010458,,6000,
948,0.9480000000000007,0.001,948,2.085578203201294,0.0023152841567993165,2.087893487358093,46.30568313598633,0.26241666078567505,1.150445803540837,1368.5998591746447,,6000,
949,0.9490000000000007,0.001,949,2.085315704345703,0.0023153240203857423,2.087631028366089,46.306480407714844,0.26252293586730957,1.1503601135825594,1369.256110852467,,6000,
950,0.9500000000000007,0.001,950,2.085052967071533,0.0023153648376464846,2.08736833190918,46.30729675292969,0.26258331537246704,1.1502743264649435,1369.673177942408,,6000,
951,0.9510000000000007,0.001,951,2.0847907066345215,0.0023154048919677736,2.0871061115264893,46.30809783935547,0.26270821690559387,1.1501886757511481,1370.4267262100886,,6000,
952,0.9520000000000007,0.001,952,2.0845279693603516,0.002315445137023926,2.0868434144973755,46.308902740478516,0.2628366947174072,1.1501028499806367,1371.1992525981432,,6000,
953,0.9530000000000007,0.001,953,2.0842649936676025,0.002315485763549805,2.086580479431152,46.309715270996094,0.26295751333236694,1.1500169269528553,1371.932049882672,,6000,
954,0.9540000000000007,0.001,954,2.0840020179748535,0.0023155261993408204,2.0863175441741943,46.310523986816406,0.26304635405540466,1.1499309845374328,1372.4981286309983,,6000,
955,0.9550000000000007,0.001,955,2.0837390422821045,0.0023155668258666995,2.086054609107971,46.311336517333984,0.26313313841819763,1.1498450227309591,1373.0535848730576,,6000,
956,0.9560000000000007,0.001,956,2.0834758281707764,0.002315607261657715,2.085791435432434,46.3121452331543,0.2632940709590912,1.1497589635690926,1373.9961816436964,,6000,
957,0.9570000000000007,0.001,957,2.0832126140594482,0.0023156476974487304,2.085528261756897,46.31295394897461,0.26338818669319153,1.1496728849741626,1374.5902341557485,,6000,
958,0.9580000000000007,0.001,958,2.08294939994812,0.002315688896179199,2.085265088844299,46.313777923583984,0.263496071100235,1.149586786942751,1375.256261257065,,6000,
959,0.9590000000000007,0.001,959,2.082685708999634,0.002315729141235352,2.085001438140869,46.31458282470703,0.2636621296405792,1.1495005134438838,1376.2262472627456,,6000,
960,0.9600000000000007,0.001,960,2.0824222564697266,0.0023157703399658202,2.0847380268096924,46.315406799316406,0.2637568414211273,1.1494142984626095,1376.8238751192498,,6000,
961,0.9610000000000007,0.001,961,2.0821585655212402,0.0023158109664916993,2.084474376487732,46.316219329833984,0.2638660669326782,1.1493279859502783,1377.4974776125923,,6000,
962,0.9620000000000007,0.001,962,2.081894636154175,0.002315851974487305,2.084210488128662,46.317039489746094,0.26398682594299316,1.149241575850507,1378.2315128007472,,6000,
963,0.9630000000000007,0.001,963,2.0816304683685303,0.0023158931732177737,2.083946361541748,46.31786346435547,0.26405948400497437,1.1491550681068465,1378.7146295581888,,6000,
964,0.9640000000000007,0.001,964,2.081366539001465,0.002315933418273926,2.083682472419739,46.318668365478516,0.264119952917099,1.1490686188670094,1379.1341017259178,,6000,
965,0.9650000000000007,0.001,965,2.0811026096343994,0.002315974807739258,2.0834185844421387,46.319496154785156,0.264238178730011,1.1489821500608022,1379.8552678091366,,6000,
966,0.9660000000000007,0.001,966,2.080838203430176,0.002316016006469727,2.0831542194366457,46.32032012939453,0.26432690024375916,1.148895505409837,1380.42267029046,,6000,
967,0.9670000000000007,0.001,967,2.080573797225952,0.002316057205200195,2.0828898544311523,46.321144104003906,0.2644655406475067,1.1488088411148119,1381.2508984046515,,6000,
968,0.9680000000000007,0.001,968,2.0803093910217285,0.002316098403930664,2.0826254894256593,46.32196807861328,0.26459190249443054,1.1487221571722606,1382.0151418290407,,6000,
969,0.9690000000000007,0.001,969,2.080044984817505,0.0023161394119262696,2.0823611242294313,46.32278823852539,0.264707088470459,1.1486354535787178,1382.721146099387,,6000,
970,0.9700000000000008,0.001,970,2.079780340194702,0.0023161806106567384,2.082096520805359,46.323612213134766,0.264812707901001,1.148548652122345,1383.377399355266,,6000,
971,0.9710000000000008,0.001,971,2.079515218734741,0.0023162218093872072,2.0818314405441285,46.32443618774414,0.264884352684021,1.1484616745202971,1383.8564676248043,,6000,
972,0.9720000000000008,0.001,972,2.0792505741119385,0.0023162633895874025,2.081566837501526,46.32526779174805,0.26493674516677856,1.1483748336381674,1384.234854716028,,6000,
973,0.9730000000000008,0.001,973,2.0789856910705566,0.0023163047790527346,2.0813019958496093,46.32609558105469,0.26504722237586975,1.1482878947940263,1384.9169197594606,,6000,
974,0.9740000000000008,0.001,974,2.0787205696105957,0.0023163461685180666,2.081036915779114,46.32692337036133,0.2651574909687042,1.1482008579310925,1385.598116238042,,6000,
975,0.9750000000000008,0.001,975,2.0784554481506348,0.002316387748718262,2.080771835899353,46.327754974365234,0.26523640751838684,1.148113801289766,1386.1155952681313,,6000,
976,0.9760000000000008,0.001,976,2.0781900882720947,0.002316429138183594,2.0805065174102784,46.328582763671875,0.265372097492218,1.1480266465515132,1386.9299895922431,,6000,
977,0.9770000000000008,0.001,977,2.0779247283935547,0.0023164709091186525,2.0802411993026735,46.32941818237305,0.26546311378479004,1.147939471992276,1387.511033089955,,6000,
978,0.9780000000000008,0.001,978,2.0776596069335938,0.002316512680053711,2.0799761196136473,46.33025360107422,0.2655554413795471,1.147852355959213,1388.0989484451595,,6000,
979,0.9790000000000008,0.001,979,2.0773937702178955,0.0023165544509887695,2.079710324668884,46.33108901977539,0.2656280994415283,1.147764985028336,1388.5844379629884,,6000,
980,0.9800000000000008,0.001,980,2.0771281719207764,0.0023165956497192383,2.0794447675704957,46.331912994384766,0.2656979560852051,1.147677672580971,1389.0552849443511,,6000,
981,0.9810000000000008,0.001,981,2.0768625736236572,0.00231663761138916,2.0791792112350462,46.3327522277832,0.2658209800720215,1.1475903402629428,1389.8042049279447,,6000,
982,0.9820000000000008,0.001,982,2.076596736907959,0.002316679382324219,2.078913416290283,46.333587646484375,0.2659619152545929,1.147502909648709,1390.6470110965374,,6000,
983,0.9830000000000008,0.001,983,2.0763306617736816,0.0023167213439941408,2.078647383117676,46.33442687988281,0.26608601212501526,1.1474153806811744,1391.4020150246758,,6000,
984,0.9840000000000008,0.001,984,2.0760648250579834,0.0023167633056640625,2.0783815883636474,46.33526611328125,0.2661707401275635,1.1473279102187623,1391.9511819954544,,6000,
985,0.9850000000000008,0.001,985,2.075798749923706,0.002316805076599121,2.078115555000305,46.33610153198242,0.26628413796424866,1.147240341360253,1392.6504936978897,,6000,
986,0.9860000000000008,0.001,986,2.0755321979522705,0.002316847610473633,2.0778490455627443,46.336952209472656,0.2663981020450592,1.1471525955548927,1393.3530887381148,,6000,
987,0.9870000000000008,0.001,987,2.075265884399414,0.0023168893814086914,2.0775827737808226,46.33778762817383,0.26648181676864624,1.147064908226147,1393.897493633945,,6000,
988,0.9880000000000008,0.001,988,2.0749995708465576,0.002316931343078613,2.0773165021896363,46.338626861572266,0.2665402591228485,1.1469772008948058,1394.309802748873,,6000,
989,0.9890000000000008,0.001,989,2.074733018875122,0.0023169734954833986,2.0770499923706054,46.33946990966797,0.2666431963443756,1.1468893950100123,1394.9550715413905,,6000,
990,0.9900000000000008,0.001,990,2.0744664669036865,0.00231701602935791,2.0767834829330445,46.3403205871582,0.2666532099246979,1.1468015690796938,1395.1142923811306,,6000,
991,0.9910000000000008,0.001,991,2.074199676513672,0.002317057800292969,2.076516734313965,46.341156005859375,0.26675450801849365,1.146713644517102,1395.7512895775888,,6000,
992,0.9920000000000008,0.001,992,2.0739328861236572,0.002317100715637207,2.0762499868392945,46.34201431274414,0.2668430805206299,1.1466256998659918,1396.3218191524034,,6000,
993,0.9930000000000008,0.001,993,2.0736663341522217,0.002317142486572266,2.075983476638794,46.34284973144531,0.2669235169887543,1.1465378137419102,1396.8497878893668,,6000,
994,0.9940000000000008,0.001,994,2.073399305343628,0.0023171850204467773,2.0757164903640746,46.34370040893555,0.26699158549308777,1.1464497502839743,1397.313325387114,,6000,
995,0.9950000000000008,0.001,995,2.0731325149536133,0.002317227363586426,2.0754497423171996,46.344547271728516,0.2671009600162506,1.146361745345946,1397.9930563836754,,6000,
996,0.9960000000000008,0.001,996,2.0728652477264404,0.0023172702789306643,2.075182518005371,46.34540557861328,0.2671695947647095,1.146273562959114,1398.4598619286435,,6000,
997,0.9970000000000008,0.001,997,2.0725982189178467,0.0023173126220703126,2.074915531539917,46.34625244140625,0.2672594487667084,1.14618543908505,1399.037745480609,,6000,
998,0.9980000000000008,0.001,998,2.072330951690674,0.0023173553466796877,2.0746483070373536,46.34710693359375,0.26738739013671875,1.1460972163561167,1399.8152320106628,,6000,
999,0.9990000000000008,0.001,999,2.072063446044922,0.002317397689819336,2.0743808437347413,46.34795379638672,0.26747357845306396,1.1460088947147191,1400.374358453722,,6000,
1000,1.0000000000000007,0.001,1000,2.071796178817749,0.002317440414428711,2.0741136192321776,46.34880828857422,0.26757732033729553,1.1459206315933563,1401.0254094050479,,6000,2.113103271484375
1001,1.0010000000000006,0.001,1001,2.071528434753418,0.002317483139038086,2.073845917892456,46.34966278076172,0.26764851808547974,1.1458321907532223,1401.5063649566632,,6000,
1002,1.0020000000000004,0.001,1002,2.071260690689087,0.0023175256729125976,2.0735782163619993,46.35051345825195,0.2677026689052582,1.145743729644792,1401.8981486632395,,6000,
1003,1.0030000000000003,0.001,1003,2.070993185043335,0.002317569160461426,2.0733107542037965,46.351383209228516,0.2678375840187073,1.145655327063673,1402.712898155039,,6000,
1004,1.0040000000000002,0.001,1004,2.070725440979004,0.0023176116943359375,2.0730430526733397,46.35223388671875,0.26800569891929626,1.1455668254259106,1403.7017813586965,,6000,
1005,1.0050000000000001,0.001,1005,2.0704574584960938,0.002317654609680176,2.072775113105774,46.353092193603516,0.26812899112701416,1.1454782246737374,1404.4561582305996,,6000,
1006,1.006,0.001,1006,2.0701892375946045,0.002317697525024414,2.072506935119629,46.35395050048828,0.26822414994239807,1.1453895247493184,1405.063399725619,,6000,
1007,1.007,0.001,1007,2.0699210166931152,0.0023177402496337893,2.072238756942749,46.35480499267578,0.2683156728744507,1.1453008044662822,1405.65171260569,,6000,
1008,1.0079999999999998,0.001,1008,2.069652557373047,0.0023177837371826174,2.0719703411102297,46.355674743652344,0.2684241235256195,1.1452119849313784,1406.3289262993712,,6000,
1009,1.0089999999999997,0.001,1009,2.0693843364715576,0.0023178264617919925,2.0717021629333496,46.356529235839844,0.26850491762161255,1.1451232239021496,1406.8612635764143,,6000,
1010,1.0099999999999996,0.001,1010,2.0691158771514893,0.002317869567871094,2.0714337467193604,46.357391357421875,0.2685936391353607,1.145034363577586,1407.435345238848,,6000,
1011,1.0109999999999995,0.001,1011,2.068847417831421,0.0023179132461547854,2.0711653310775757,46.3582649230957,0.2686440348625183,1.144945482843693,1407.8086977309472,,6000,
1012,1.0119999999999993,0.001,1012,2.0685787200927734,0.002317956352233887,2.0708966764450074,46.359127044677734,0.2687210440635681,1.1448565027347082,1408.3217071572374,,6000,
1013,1.0129999999999992,0.001,1013,2.068309783935547,0.0023179996490478518,2.0706277835845945,46.35999298095703,0.268850713968277,1.1447674231925553,1409.1109260525577,,6000,
1014,1.0139999999999991,0.001,1014,2.0680410861968994,0.0023180427551269533,2.0703591289520262,46.36085510253906,0.2689380347728729,1.1446784021560457,1409.6782166920482,,6000,
1015,1.014999999999999,0.001,1015,2.067772388458252,0.0023180862426757814,2.070090474700928,46.361724853515625,0.26902350783348083,1.1445893606593913,1410.235934808085,,6000,
1016,1.015999999999999,0.001,1016,2.0675032138824463,0.0023181297302246094,2.069821343612671,46.36259460449219,0.2690946161746979,1.1445001406293693,1410.718653263183,,6000,
1017,1.0169999999999988,0.001,1017,2.0672340393066406,0.0023181730270385743,2.0695522123336794,46.363460540771484,0.2692145109176636,1.144410900059214,1411.4572531792587,,6000,
1018,1.0179999999999987,0.001,1018,2.066964864730835,0.0023182167053222656,2.0692830814361574,46.36433410644531,0.2692949175834656,1.1443216389452688,1411.9889465605686,,6000,
1019,1.0189999999999986,0.001,1019,2.0666956901550293,0.0023182607650756837,2.069013950920105,46.36521530151367,0.2694288194179535,1.144232357283878,1412.8012603533268,,6000,
1020,1.0199999999999985,0.001,1020,2.0664262771606445,0.0023183038711547853,2.0687445810317993,46.3660774230957,0.2695740759372711,1.144142975963769,1413.6733691531622,,6000,
1021,1.0209999999999984,0.001,1021,2.0661566257476807,0.002318347930908203,2.068474973678589,46.36695861816406,0.2696770429611206,1.1440534949266143,1414.3239498346313,,6000,
1022,1.0219999999999982,0.001,1022,2.065886974334717,0.002318391227722168,2.068205365562439,46.36782455444336,0.2697749435901642,1.143963993258133,1414.9480849750316,,6000,
1023,1.0229999999999981,0.001,1023,2.065617084503174,0.0023184354782104493,2.0679355199813845,46.368709564208984,0.26985982060432434,1.1438743917922878,1415.5041281140627,,6000,
1024,1.023999999999998,0.001,1024,2.06534743309021,0.002318479347229004,2.067665912437439,46.36958694458008,0.2699495851993561,1.1437848488318771,1416.085824926164,,6000,
1025,1.024999999999998,0.001,1025,2.065077543258667,0.002318522644042969,2.06739606590271,46.370452880859375,0.2700525224208832,1.143695206030229,1416.7368421079773,,6000,
1026,1.0259999999999978,0.001,1026,2.064807653427124,0.00231856689453125,2.067126220321655,46.371337890625,0.27016744017601013,1.1436055425460208,1417.4508436249805,,6000,
1027,1.0269999999999977,0.001,1027,2.064537286758423,0.0023186111450195315,2.0668558979034426,46.372222900390625,0.27023860812187195,1.1435156999046596,1417.9356250783599,,6000,
1028,1.0279999999999976,0.001,1028,2.064267158508301,0.0023186546325683595,2.066585813140869,46.37309265136719,0.2703258693218231,1.14342591575396,1418.5048577121352,,6000,
1029,1.0289999999999975,0.001,1029,2.0639967918395996,0.002318699073791504,2.066315490913391,46.37398147583008,0.27040398120880127,1.1433360316009855,1419.026290093357,,6000,
1030,1.0299999999999974,0.001,1030,2.0637261867523193,0.0023187429428100587,2.0660449296951295,46.37485885620117,0.27047568559646606,1.1432460473870885,1419.5143007822871,,6000,
1031,1.0309999999999973,0.001,1031,2.0634560585021973,0.0023187873840332033,2.0657748458862306,46.37574768066406,0.27063989639282227,1.1431562009797787,1420.4877487128792,,6000,
1032,1.0319999999999971,0.001,1032,2.063185453414917,0.0023188310623168946,2.065504284477234,46.37662124633789,0.27071815729141235,1.1430661751770865,1421.010418313561,,6000,
1033,1.032999999999997,0.001,1033,2.0629146099090576,0.0023188758850097657,2.0652334857940673,46.37751770019531,0.27082937955856323,1.1429760492106813,1421.7063240070156,,6000,
1034,1.033999999999997,0.001,1034,2.0626437664031982,0.0023189199447631835,2.0649626863479615,46.37839889526367,0.2708979547023773,1.1428859023855482,1422.1784736530467,,6000,
1035,1.0349999999999968,0.001,1035,2.062373161315918,0.002318964385986328,2.0646921257019044,46.37928771972656,0.27095553278923035,1.142795814080103,1422.5928872902123,,6000,
1036,1.0359999999999967,0.001,1036,2.0621020793914795,0.002319008827209473,2.064421088218689,46.38017654418945,0.27110177278518677,1.1427055461442017,1423.4731267383324,,6000,
1037,1.0369999999999966,0.001,1037,2.061830997467041,0.0023190530776977542,2.0641500505447388,46.38106155395508,0.27118927240371704,1.1426152573016413,1424.045079062647,,6000,
1038,1.0379999999999965,0.001,1038,2.0615599155426025,0.0023190975189208984,2.0638790130615234,46.38195037841797,0.27128180861473083,1.1425249475486876,1424.6435976567789,,6000,
1039,1.0389999999999964,0.001,1039,2.061288595199585,0.0023191423416137696,2.0636077375411985,46.38284683227539,0.27135762572288513,1.1424345374259035,1425.1545283336725,,6000,
1040,1.0399999999999963,0.001,1040,2.0610172748565674,0.002319186782836914,2.063336461639404,46.38373565673828,0.2714347541332245,1.1423441063484443,1425.6724534652428,,6000,
1041,1.0409999999999962,0.001,1041,2.0607457160949707,0.002319231414794922,2.0630649475097655,46.38462829589844,0.27149051427841187,1.1422535748200124,1426.0783433548436,,6000,
1042,1.041999999999996,0.001,1042,2.060474395751953,0.002319276237487793,2.062793671989441,46.38552474975586,0.2715771794319153,1.14216310180355,1426.6465743977049,,6000,
1043,1.042999999999996,0.001,1043,2.0602028369903564,0.0023193210601806643,2.062522158050537,46.38642120361328,0.27166226506233215,1.142072528291761,1427.2067228619912,,6000,
1044,1.0439999999999958,0.001,1044,2.0599312782287598,0.0023193656921386718,2.0622506439208985,46.38731384277344,0.27174293994903564,1.1419819337734465,1427.7438122919327,,6000,
1045,1.0449999999999957,0.001,1045,2.059659481048584,0.002319410514831543,2.0619788915634154,46.38821029663086,0.27186697721481323,1.1418912386785274,1428.5089578028594,,6000,
1046,1.0459999999999956,0.001,1046,2.059387683868408,0.0023194549560546875,2.0617071388244628,46.38909912109375,0.27193358540534973,1.1418005225326562,1428.9724695632494,,6000,
1047,1.0469999999999955,0.001,1047,2.0591156482696533,0.0023195003509521484,2.0614351486206055,46.39000701904297,0.2720435559749603,1.1417097057287915,1429.6640622914167,,6000,
1048,1.0479999999999954,0.001,1048,2.0588436126708984,0.0023195453643798827,2.0611631580352783,46.390907287597656,0.27210482954978943,1.1416188678294843,1430.099854956664,,6000,
1049,1.0489999999999953,0.001,1049,2.0585715770721436,0.002319590187072754,2.0608911672592165,46.39180374145508,0.2721250653266907,1.141528008830962,1430.3200441242282,,6000,
1050,1.0499999999999952,0.001,1050,2.0582995414733887,0.002319635391235352,2.060619176864624,46.39270782470703,0.2722163796424866,1.1414371287294518,1430.913921358914,,6000,
1051,1.050999999999995,0.001,1051,2.0580272674560547,0.002319680404663086,2.060346947860718,46.39360809326172,0.2723228335380554,1.141346147843904,1431.5876075938688,,6000,
1052,1.051999999999995,0.001,1052,2.0577549934387207,0.002319725608825684,2.0600747190475466,46.39451217651367,0.27241602540016174,1.141255145810799,1432.1917043710248,,6000,
1053,1.0529999999999948,0.001,1053,2.0574827194213867,0.002319770622253418,2.0598024900436402,46.39541244506836,0.27252355217933655,1.1411641226263538,1432.871294019297,,6000,
1054,1.0539999999999947,0.001,1054,2.0572102069854736,0.0023198158264160157,2.05953002281189,46.39631652832031,0.27257218956947327,1.141072998553925,1433.2414661370608,,6000,
1055,1.0549999999999946,0.001,1055,2.0569374561309814,0.0023198617935180667,2.0592573179244997,46.39723587036133,0.2726273238658905,1.140981773534092,1433.6459890403914,,6000,
1056,1.0559999999999945,0.001,1056,2.0566649436950684,0.002319906806945801,2.0589848505020143,46.398136138916016,0.27271589636802673,1.1408906070473592,1434.2263562349028,,6000,
1057,1.0569999999999944,0.001,1057,2.056392192840576,0.002319952201843262,2.0587121450424193,46.399044036865234,0.2727600336074829,1.1407993395685163,1434.5732372740438,,6000,
1058,1.0579999999999943,0.001,1058,2.056119441986084,0.002319997787475586,2.0584394397735597,46.39995574951172,0.272847056388855,1.1407080508451837,1435.1457738201884,,6000,
1059,1.0589999999999942,0.001,1059,2.055846691131592,0.002320042991638184,2.05816673412323,46.40085983276367,0.27295270562171936,1.1406167408735588,1435.8164097048464,,6000,
1060,1.059999999999994,0.001,1060,2.0555737018585205,0.0023200883865356447,2.057893790245056,46.40176773071289,0.2730540931224823,1.140525329805556,1436.464860464086,,6000,
1061,1.060999999999994,0.001,1061,2.055300712585449,0.0023201343536376953,2.057620846939087,46.402687072753906,0.27314653992652893,1.1404338974444763,1437.0664036132482,,6000,
1062,1.0619999999999938,0.001,1062,2.055027723312378,0.0023201797485351565,2.057347903060913,46.403594970703125,0.2732362449169159,1.1403424437865075,1437.653643810546,,6000,
1063,1.0629999999999937,0.001,1063,2.0547544956207275,0.002320225715637207,2.057074721336365,46.40451431274414,0.2733251750469208,1.1402508889277325,1438.237028540008,,6000,
1064,1.0639999999999936,0.001,1064,2.054481029510498,0.0023202713012695315,2.0568013008117676,46.405426025390625,0.2734127938747406,1.140159232808466,1438.8137341199124,,6000,
1065,1.0649999999999935,0.001,1065,2.0542075634002686,0.002320317077636719,2.0565278804779052,46.406341552734375,0.2734937071800232,1.1400675553063595,1439.355269292949,,6000,
1066,1.0659999999999934,0.001,1066,2.053934335708618,0.002320363235473633,2.056254698944092,46.407264709472656,0.273588627576828,1.139975936373617,1439.9705406790013,,6000,
1067,1.0669999999999933,0.001,1067,2.0536606311798096,0.002320408821105957,2.0559810400009155,46.40817642211914,0.2736738920211792,1.139884136138297,1440.5353141328862,,6000,
1068,1.0679999999999932,0.001,1068,2.053386926651001,0.002320454978942871,2.055707381629944,46.40909957885742,0.2737865447998047,1.1397923144713196,1441.2443810526884,,6000,
1069,1.068999999999993,0.001,1069,2.0531132221221924,0.002320500946044922,2.055433723068237,46.41001892089844,0.2738688588142395,1.1397004713688428,1441.7938696751155,,6000,
1070,1.069999999999993,0.001,1070,2.0528392791748047,0.0023205469131469727,2.0551598260879516,46.41093826293945,0.2739510238170624,1.1396085267963,1442.342790750441,,6000,
1071,1.0709999999999928,0.001,1071,2.052565336227417,0.002320593070983887,2.054885929298401,46.411861419677734,0.2740468978881836,1.139516560743197,1442.9640112090124,,6000,
1072,1.0719999999999927,0.001,1072,2.0522913932800293,0.002320639038085938,2.0546120323181154,46.41278076171875,0.274122953414917,1.1394245732056825,1443.4809983623227,,6000,
1073,1.0729999999999926,0.001,1073,2.0520172119140625,0.002320685386657715,2.0543378973007203,46.4137077331543,0.2742040455341339,1.139332484093063,1444.0247216460637,,6000,
1074,1.0739999999999925,0.001,1074,2.051743268966675,0.0023207317352294922,2.054064000701904,46.414634704589844,0.2742871046066284,1.1392404535564626,1444.5788178449773,,6000,
1075,1.0749999999999924,0.001,1075,2.051469087600708,0.0023207778930664064,2.0537898654937745,46.415557861328125,0.2743876576423645,1.1391483213996176,1445.225274818844,,6000,
1076,1.0759999999999923,0.001,1076,2.051194667816162,0.002320824432373047,2.0535154922485352,46.41648864746094,0.2745189070701599,1.139056087562488,1446.0336592780816,,6000,
1077,1.0769999999999922,0.001,1077,2.050920009613037,0.0023208702087402344,2.0532408798217774,46.41740417480469,0.27454954385757446,1.1389637519849627,1446.3122819093855,,6000,
1078,1.077999999999992,0.001,1078,2.050645589828491,0.0023209169387817382,2.052966506767273,46.418338775634766,0.27466580271720886,1.1388714749679902,1447.0419643705386,,6000,
1079,1.078999999999992,0.001,1079,2.050370931625366,0.0023209632873535157,2.0526918949127198,46.41926574707031,0.27484768629074097,1.1387790961653514,1448.1176580229371,,6000,
1080,1.0799999999999919,0.001,1080,2.050096035003662,0.0023210098266601563,2.0524170448303223,46.420196533203125,0.2749253213405609,1.1386866155168471,1448.6443465348345,,6000,
1081,1.0809999999999917,0.001,1081,2.049820899963379,0.00232105655670166,2.0521419565200807,46.4211311340332,0.2750301957130432,1.1385940329622093,1449.3147921960258,,6000,
1082,1.0819999999999916,0.001,1082,2.049546241760254,0.0023211034774780273,2.051867345237732,46.42206954956055,0.2750864028930664,1.1385015892082917,1449.728689888049,,6000,
1083,1.0829999999999915,0.001,1083,2.0492711067199707,0.0023211498260498047,2.0515922565460203,46.422996520996094,0.27518853545188904,1.138408963265942,1450.3849372148838,,6000,
1084,1.0839999999999914,0.001,1084,2.0489959716796875,0.0023211965560913086,2.0513171682357787,46.42393112182617,0.27526846528053284,1.1383163156050724,1450.924289708773,,6000,
1085,1.0849999999999913,0.001,1085,2.048720598220825,0.0023212430953979493,2.051041841316223,46.424861907958984,0.2753655016422272,1.1382235659096014,1451.5540350221333,,6000,
1086,1.0859999999999912,0.001,1086,2.048445224761963,0.002321289825439453,2.0507665145874023,46.42579650878906,0.27547022700309753,1.138130794450134,1452.2244456245594,,6000,
1087,1.086999999999991,0.001,1087,2.0481698513031006,0.0023213369369506835,2.050491188240051,46.42673873901367,0.2755776643753052,1.1380380012227584,1452.9092916715206,,6000,
1088,1.087999999999991,0.001,1088,2.0478944778442383,0.002321383476257324,2.0502158613204955,46.427669525146484,0.27566736936569214,1.1379451862235637,1453.500780369928,,6000,
1089,1.0889999999999909,0.001,1089,2.047618865966797,0.0023214309692382814,2.049940296936035,46.428619384765625,0.2757679522037506,1.1378522690610413,1454.1498560159223,,6000,
1090,1.0899999999999908,0.001,1090,2.0473430156707764,0.002321477508544922,2.0496644931793213,46.42955017089844,0.27582839131355286,1.1377592496746565,1454.5874694972224,,6000,
1091,1.0909999999999906,0.001,1091,2.047067165374756,0.002321524429321289,2.049388689804077,46.43048858642578,0.27591925859451294,1.1376662084292022,1455.1856592918234,,6000,
1092,1.0919999999999905,0.001,1092,2.0467913150787354,0.002321571922302246,2.0491128870010376,46.43143844604492,0.275947242975235,1.1375731453207467,1455.4523062203427,,6000,
1093,1.0929999999999904,0.001,1093,2.046515464782715,0.0023216188430786136,2.0488370836257936,46.432376861572266,0.2760533392429352,1.1374800603453585,1456.1310507321982,,6000,
1094,1.0939999999999903,0.001,1094,2.0462393760681152,0.002321666145324707,2.04856104221344,46.43332290649414,0.2761482000350952,1.1373868730170043,1456.7507674987914,,6000,
1095,1.0949999999999902,0.001,1095,2.0459632873535156,0.0023217132568359375,2.0482850006103517,46.43426513671875,0.2762748897075653,1.1372936637760223,1457.5385329605142,,6000,
1096,1.09599999999999,0.001,1096,2.045686960220337,0.0023217605590820315,2.048008720779419,46.435211181640625,0.2763553559780121,1.1372003520984995,1458.0826789301348,,6000,
1097,1.09699999999999,0.001,1097,2.045410394668579,0.0023218080520629883,2.047732202720642,46.436161041259766,0.2764885127544403,1.1371069379236525,1458.9050696989289,,6000,
1098,1.0979999999999899,0.001,1098,2.0451340675354004,0.0023218553543090823,2.0474559228897093,46.43710708618164,0.2765841782093048,1.1370135823064482,1459.5296793988152,,6000,
1099,1.0989999999999898,0.001,1099,2.0448575019836426,0.0023219030380249024,2.0471794050216676,46.43806076049805,0.2766854166984558,1.1369201241460913,1460.1839345904784,,6000,
1100,1.0999999999999897,0.001,1100,2.0445809364318848,0.0023219505310058597,2.0469028869628905,46.43901062011719,0.27679765224456787,1.1368266439775554,1460.896366447404,,6000,2.089486328125
1101,1.1009999999999895,0.001,1101,2.044304132461548,0.0023219978332519532,2.0466261302947997,46.43995666503906,0.27686622738838196,1.136733061182053,1461.3785954310722,,6000,
1102,1.1019999999999894,0.001,1102,2.044027328491211,0.0023220455169677737,2.046349374008179,46.44091033935547,0.2769872844219208,1.1366394563324702,1462.1379693205083,,6000,
1103,1.1029999999999893,0.001,1103,2.043750286102295,0.0023220930099487305,2.0460723791122435,46.44186019897461,0.277113139629364,1.1365457487719957,1462.9229307950513,,6000,
1104,1.1039999999999892,0.001,1104,2.043473243713379,0.002322140312194824,2.0457953840255736,46.442806243896484,0.27723026275634766,1.1364520191114715,1463.6619483844036,,6000,
1105,1.104999999999989,0.001,1105,2.043196201324463,0.0023221885681152343,2.045518389892578,46.44377136230469,0.27733930945396423,1.1363582673469181,1464.3584726222375,,6000,
1106,1.105999999999989,0.001,1106,2.0429186820983887,0.002322236251831055,2.0452409183502196,46.444725036621094,0.2774059474468231,1.1362643320544785,1464.8314109019634,,6000,
1107,1.1069999999999889,0.001,1107,2.0426411628723145,0.0023222837448120116,2.0449634466171265,46.445674896240234,0.2775140106678009,1.136170374573856,1465.5232184093247,,6000,
1108,1.1079999999999888,0.001,1108,2.0423638820648193,0.002322332000732422,2.044686214065552,46.44664001464844,0.27762654423713684,1.1360764756491253,1466.2386741799653,,6000,
1109,1.1089999999999887,0.001,1109,2.042086362838745,0.002322379493713379,2.0444087423324584,46.44758987426758,0.27771487832069397,1.1359824737992026,1466.8265649833422,,6000,
1110,1.1099999999999886,0.001,1110,2.041808605194092,0.0023224279403686525,2.0441310331344607,46.44855880737305,0.2778034210205078,1.135888368962874,1467.4157880892308,,6000,
1111,1.1109999999999884,0.001,1111,2.0415308475494385,0.002322475814819336,2.043853323364258,46.44951629638672,0.2778717279434204,1.1357942418841882,1467.898239116555,,6000,
1112,1.1119999999999883,0.001,1112,2.041252851486206,0.0023225238800048827,2.043575375366211,46.450477600097656,0.27796927094459534,1.1357000117347031,1468.5353600728586,,6000,
1113,1.1129999999999882,0.001,1113,2.0409748554229736,0.0023225719451904297,2.043297427368164,46.451438903808594,0.2780224084854126,1.1356057592966193,1468.9379982941423,,6000,
1114,1.113999999999988,0.001,1114,2.040696859359741,0.002322620391845703,2.043019479751587,46.45240783691406,0.2781387269496918,1.135511484565913,1469.6745778279092,,6000,
1115,1.114999999999988,0.001,1115,2.040418863296509,0.0023226686477661133,2.0427415319442748,46.453372955322266,0.2782602608203888,1.1354171875385637,1470.4388688546492,,6000,
1116,1.115999999999988,0.001,1116,2.0401406288146973,0.0023227163314819338,2.0424633451461793,46.45432662963867,0.27836838364601135,1.1353227873096141,1471.1325453389184,,6000,
1117,1.1169999999999878,0.001,1117,2.0398623943328857,0.002322764778137207,2.042185159111023,46.45529556274414,0.2784476578235626,1.1352283647376986,1471.6738929681323,,6000,
1118,1.1179999999999877,0.001,1118,2.039583921432495,0.0023228132247924806,2.0419067346572874,46.45626449584961,0.27852097153663635,1.1351338388795364,1472.1839592671702,,6000,
1119,1.1189999999999876,0.001,1119,2.0393054485321045,0.0023228618621826173,2.041628310394287,46.457237243652344,0.27865129709243774,1.1350392906320195,1472.9955133303488,,6000,
1120,1.1199999999999875,0.001,1120,2.0390267372131348,0.0023229101181030274,2.041349647331238,46.45820236206055,0.2787705361843109,1.1349446390134954,1473.7487271271007,,6000,
1121,1.1209999999999873,0.001,1121,2.038748025894165,0.002322958755493164,2.041070984649658,46.45917510986328,0.27889055013656616,1.1348499649591601,1474.5061924371787,,6000,
1122,1.1219999999999872,0.001,1122,2.038469076156616,0.0023230073928833007,2.0407920835494995,46.460147857666016,0.27894091606140137,1.1347551874489432,1474.8956558030377,,6000,
1123,1.1229999999999871,0.001,1123,2.0381903648376465,0.002323055648803711,2.0405134204864503,46.46111297607422,0.2790868282318115,1.1346604684916277,1475.790349528005,,6000,
1124,1.123999999999987,0.001,1124,2.0379111766815186,0.0023231048583984377,2.040234281539917,46.46209716796875,0.27920663356781006,1.134565564977444,1476.547370305713,,6000,
1125,1.124999999999987,0.001,1125,2.0376322269439697,0.002323153114318848,2.0399553800582884,46.46306228637695,0.2792893350124359,1.1344707200080362,1477.1082060740582,,6000,
1126,1.1259999999999868,0.001,1126,2.0373528003692627,0.0023232017517089846,2.039676002120972,46.46403503417969,0.2794143557548523,1.1343756903582405,1477.8932136668695,,6000,
1127,1.1269999999999867,0.001,1127,2.0370731353759766,0.0023232505798339844,2.0393963859558104,46.46501159667969,0.2794927656650543,1.1342805570206471,1478.431930804753,,6000,
1128,1.1279999999999866,0.001,1128,2.0367939472198486,0.002323299217224121,2.0391172464370726,46.46598434448242,0.2796091139316559,1.1341855633278395,1479.1712554226935,,6000,
1129,1.1289999999999865,0.001,1129,2.0365142822265625,0.0023233482360839846,2.0388376304626465,46.46696472167969,0.27972841262817383,1.134090384788307,1479.9265546037875,,6000,
1130,1.1299999999999863,0.001,1130,2.0362346172332764,0.0023233972549438478,2.03855801448822,46.46794509887695,0.27985280752182007,1.1339951836223845,1480.7089742367539,,6000,
1131,1.1309999999999862,0.001,1131,2.035954713821411,0.0023234460830688477,2.03827815990448,46.46892166137695,0.27998650074005127,1.133899878636616,1481.540862726096,,6000,
1132,1.1319999999999861,0.001,1132,2.035674810409546,0.002323494911193848,2.03799830532074,46.46989822387695,0.2801046669483185,1.1338045509776578,1482.2907530585742,,6000,
1133,1.132999999999986,0.001,1133,2.0353944301605225,0.002323544502258301,2.037717974662781,46.470890045166016,0.28023332357406616,1.1337090381853667,1483.0965307780145,,6000,
1134,1.133999999999986,0.001,1134,2.0351145267486572,0.0023235933303833007,2.0374381200790403,46.471866607666016,0.28035321831703186,1.133613665129076,1483.8558863972949,,6000,
1135,1.1349999999999858,0.001,1135,2.034834146499634,0.0023236423492431642,2.037157788848877,46.47284698486328,0.28040918707847595,1.1335181068538802,1484.277235888688,,6000,
1136,1.1359999999999857,0.001,1136,2.0345537662506104,0.002323691749572754,2.036877458000183,46.47383499145508,0.2805539071559906,1.1334225258116941,1485.1685091845525,,6000,
1137,1.1369999999999856,0.001,1137,2.034273147583008,0.0023237409591674806,2.0365968885421752,46.47481918334961,0.2806212604045868,1.1333268406929438,1485.6504778427807,,6000,
1138,1.1379999999999855,0.001,1138,2.0339925289154053,0.0023237903594970706,2.0363163192749023,46.475807189941406,0.2807479798793793,1.1332311327602018,1486.4468779404094,,6000,
1139,1.1389999999999854,0.001,1139,2.0337119102478027,0.0023238399505615234,2.0360357501983644,46.47679901123047,0.28083768486976624,1.1331354020093345,1487.0474492550684,,6000,
1140,1.1399999999999852,0.001,1140,2.033431053161621,0.0023238891601562502,2.0357549423217773,46.477783203125,0.2809167504310608,1.1330395670725744,1487.5919178543602,,6000,
1141,1.1409999999999851,0.001,1141,2.0331501960754395,0.00232393856048584,2.0354741346359253,46.4787712097168,0.2810375690460205,1.1329437092706127,1488.3576301965718,,6000,
1142,1.141999999999985,0.001,1142,2.0328691005706787,0.00232398796081543,2.035193088531494,46.479759216308594,0.28110334277153015,1.1328477471968286,1488.8320701547339,,6000,
1143,1.142999999999985,0.001,1143,2.032588243484497,0.0023240379333496096,2.0349122814178466,46.48075866699219,0.2812081575393677,1.1327518436326103,1489.513307544382,,6000,
1144,1.1439999999999848,0.001,1144,2.0323069095611572,0.002324087142944336,2.0346309967041014,46.48174285888672,0.28130391240119934,1.1326557543080686,1490.1469117934032,,6000,
1145,1.1449999999999847,0.001,1145,2.0320258140563965,0.0023241371154785156,2.034349951171875,46.48274230957031,0.2814100384712219,1.1325597234847833,1490.8354904517466,,6000,
1146,1.1459999999999846,0.001,1146,2.0317442417144775,0.0023241870880126953,2.0340684288024904,46.483741760253906,0.28149721026420593,1.1324635067761601,1491.4240074661193,,6000,
1147,1.1469999999999845,0.001,1147,2.0314629077911377,0.0023242364883422854,2.03378714427948,46.4847297668457,0.2815845012664795,1.1323673485604624,1492.0131790683351,,6000,
1148,1.1479999999999844,0.001,1148,2.0311813354492188,0.002324286270141602,2.0335056217193603,46.48572540283203,0.2816329598426819,1.1322710858534921,1492.3968121841974,,6000,
1149,1.1489999999999843,0.001,1149,2.0308995246887207,0.002324336433410645,2.0332238611221314,46.48672866821289,0.28171512484550476,1.132174718592614,1492.9592767927184,,6000,
1150,1.1499999999999841,0.001,1150,2.0306179523468018,0.0023243858337402344,2.032942338180542,46.48771667480469,0.2818160951137543,1.132078409831622,1493.6214276306346,,6000,
1151,1.150999999999984,0.001,1151,2.030336380004883,0.0023244361877441406,2.032660816192627,46.48872375488281,0.28196001052856445,1.1319820780470986,1494.5113495878134,,6000,
1152,1.151999999999984,0.001,1152,2.0300540924072266,0.0023244861602783203,2.032378578567505,46.489723205566406,0.2820484936237335,1.1318854784431078,1495.1079362464504,,6000,
1153,1.1529999999999838,0.001,1153,2.0297720432281494,0.002324535942077637,2.032096579170227,46.490718841552734,0.28211912512779236,1.1317889373068888,1495.6099100903018,,6000,
1154,1.1539999999999837,0.001,1154,2.0294902324676514,0.0023245861053466797,2.031814818572998,46.491722106933594,0.28220799565315247,1.1316924546928548,1496.2085917401191,,6000,
1155,1.1549999999999836,0.001,1155,2.029207944869995,0.002324636459350586,2.031532581329346,46.49272918701172,0.28227126598358154,1.131595785687768,1496.6718834783624,,6000,
1156,1.1559999999999835,0.001,1156,2.028925895690918,0.0023246862411499024,2.031250581932068,46.49372482299805,0.28235772252082825,1.1314991751964745,1497.258126441671,,6000,
1157,1.1569999999999834,0.001,1157,2.0286433696746826,0.002324736785888672,2.030968106460571,46.49473571777344,0.2824352979660034,1.131402378188402,1497.7976186592675,,6000,
1158,1.1579999999999833,0.001,1158,2.0283610820770264,0.002324786949157715,2.030685869026184,46.4957389831543,0.28252479434013367,1.13130563968571,1498.4003496276516,,6000,
1159,1.1589999999999832,0.001,1159,2.028078556060791,0.0023248373031616214,2.0304033933639527,46.49674606323242,0.28261813521385193,1.1312087962745518,1499.0237141610344,,6000,
1160,1.159999999999983,0.001,1160,2.0277957916259766,0.002324887847900391,2.030120679473877,46.49775695800781,0.28271719813346863,1.1311118478919373,1499.6776772891437,,6000,
1161,1.160999999999983,0.001,1161,2.027513265609741,0.0023249383926391603,2.0298382040023806,46.4987678527832,0.2828029692173004,1.1310149580216449,1500.2611621263186,,6000,
1162,1.1619999999999828,0.001,1162,2.0272305011749268,0.0023249889373779297,2.0295554901123047,46.499778747558594,0.28286606073379517,1.1309179631322421,1500.7245615783997,,6000,
1163,1.1629999999999827,0.001,1163,2.026947498321533,0.0023250391006469726,2.0292725374221803,46.50078201293945,0.2829892039299011,1.130820863160648,1501.5068070407476,,6000,
1164,1.1639999999999826,0.001,1164,2.0266644954681396,0.0023250898361206057,2.0289895853042603,46.50179672241211,0.28311118483543396,1.1307237398760188,1502.2830503221403,,6000,
1165,1.1649999999999825,0.001,1165,2.026381492614746,0.0023251407623291016,2.0287066333770754,46.50281524658203,0.28319883346557617,1.1306265932741177,1502.8772637240559,,6000,
1166,1.1659999999999824,0.001,1166,2.0260982513427734,0.002325191688537598,2.028423443031311,46.50383377075195,0.28328612446784973,1.1305293414791018,1503.4698211223015,,6000,
1167,1.1669999999999823,0.001,1167,2.025815010070801,0.002325242042541504,2.0281402521133423,46.50484085083008,0.28337788581848145,1.1304320663190173,1504.0862388550283,,6000,
1168,1.1679999999999822,0.001,1168,2.025531768798828,0.0023252931594848632,2.027857061958313,46.505863189697266,0.28347840905189514,1.130334767789616,1504.7493032860032,,6000,
1169,1.168999999999982,0.001,1169,2.0252482891082764,0.002325343704223633,2.0275736328125,46.506874084472656,0.2835584282875061,1.1302373639560104,1505.303774217868,,6000,
1170,1.169999999999982,0.001,1170,2.0249648094177246,0.0023253944396972657,2.027290203857422,46.50788879394531,0.2836500406265259,1.1301399367052165,1505.9199206080934,,6000,
1171,1.1709999999999818,0.001,1171,2.0246810913085938,0.0023254457473754885,2.027006537055969,46.508914947509766,0.28380027413368225,1.130042404062922,1506.8475649054312,,6000,
1172,1.1719999999999817,0.001,1172,2.024397373199463,0.002325496482849121,2.026722869682312,46.50992965698242,0.28389647603034973,1.1299448479554992,1507.4884931456254,,6000,
1173,1.1729999999999816,0.001,1173,2.024113655090332,0.0023255475997924807,2.0264392026901246,46.51095199584961,0.2840542793273926,1.1298472683786795,1508.4566946911746,,6000,
1174,1.1739999999999815,0.001,1174,2.023829460144043,0.002325598907470703,2.0261550590515136,46.51197814941406,0.28412240743637085,1.1297495012696928,1508.94905702753,,6000,
1175,1.1749999999999814,0.001,1175,2.023545265197754,0.002325649642944336,2.025870914840698,46.51299285888672,0.28421998023986816,1.1296517106037816,1509.5979277787678,,6000,
1176,1.1759999999999813,0.001,1176,2.023261070251465,0.0023257009506225585,2.025586771202087,46.51401901245117,0.2843365967273712,1.129553896376656,1510.3480992246036,,6000,
1177,1.1769999999999812,0.001,1177,2.022976875305176,0.0023257522583007813,2.0253026275634767,46.515045166015625,0.2844083607196808,1.1294560585840272,1510.8601625966942,,6000,
1178,1.177999999999981,0.001,1178,2.0226924419403076,0.002325803375244141,2.0250182453155516,46.51606750488281,0.28450730443000793,1.1293581151132508,1511.516855226092,,6000,
1179,1.178999999999981,0.001,1179,2.0224080085754395,0.002325854873657227,2.0247338634490966,46.51709747314453,0.28459227085113525,1.1292601480288185,1512.0994290708247,,6000,
1180,1.1799999999999808,0.001,1180,2.022123336791992,0.002325905990600586,2.024449242782593,46.51811981201172,0.2847038507461548,1.1291620751784643,1512.8236610381584,,6000,
1181,1.1809999999999807,0.001,1181,2.021838903427124,0.002325957489013672,2.024164860916138,46.51914978027344,0.2847924530506134,1.129064060834018,1513.4258343512026,,6000,
1182,1.1819999999999806,0.001,1182,2.0215539932250977,0.002326008796691895,2.0238800020217895,46.52017593383789,0.2848449647426605,1.1289658584878144,1513.8365572411242,,6000,
1183,1.1829999999999805,0.001,1183,2.0212693214416504,0.0023260602951049804,2.0235953817367553,46.52120590209961,0.28492864966392517,1.1288677146388975,1514.4129607164905,,6000,
1184,1.1839999999999804,0.001,1184,2.020984411239624,0.002326112174987793,2.0233105234146116,46.52224349975586,0.2849847078323364,1.128769464887893,1514.8427559243403,,6000,
1185,1.1849999999999803,0.001,1185,2.0206992626190186,0.0023261640548706054,2.023025426673889,46.52328109741211,0.28508737683296204,1.1286711091709394,1515.5205507601152,,6000,
1186,1.1859999999999802,0.001,1186,2.020414352416992,0.002326215362548828,2.022740567779541,46.52430725097656,0.28516003489494324,1.1285728119581573,1516.0388335077973,,6000,
1187,1.18699999999998,0.001,1187,2.0201292037963867,0.0023262672424316407,2.0224554710388185,46.52534484863281,0.28530851006507874,1.128474408731054,1516.9604619704342,,6000,
1188,1.18799999999998,0.001,1188,2.019843816757202,0.0023263187408447267,2.022170135498047,46.52637481689453,0.2853779196739197,1.1283758994256772,1517.4619724818929,,6000,
1189,1.1889999999999799,0.001,1189,2.0195584297180176,0.002326370620727539,2.021884800338745,46.52741241455078,0.2854703664779663,1.128277366304685,1518.086110756262,,6000,
1190,1.1899999999999797,0.001,1190,2.019273042678833,0.002326422691345215,2.021599465370178,46.5284538269043,0.2855474352836609,1.1281788093637357,1518.628605219251,,6000,
1191,1.1909999999999796,0.001,1191,2.0189876556396484,0.002326474380493164,2.0213141300201416,46.52948760986328,0.28564029932022095,1.1280802285984883,1519.2552377684872,,6000,
1192,1.1919999999999795,0.001,1192,2.0187020301818848,0.00232652645111084,2.0210285566329955,46.5305290222168,0.28572115302085876,1.1279815416182024,1519.8182371546427,,6000,
1193,1.1929999999999794,0.001,1193,2.018416404724121,0.0023265785217285156,2.0207429832458494,46.53157043457031,0.2858522832393646,1.127882830765094,1520.6488233115033,,6000,
1194,1.1939999999999793,0.001,1194,2.0181305408477783,0.002326630783081055,2.0204571716308592,46.532615661621094,0.2859569191932678,1.1277840136085344,1521.3387443485776,,6000,
1195,1.1949999999999792,0.001,1195,2.0178444385528564,0.0023266826629638675,2.0201711212158204,46.533653259277344,0.28603649139404297,1.1276850900843125,1521.8955747973425,,6000,
1196,1.195999999999979,0.001,1196,2.0175585746765137,0.002326734733581543,2.0198853094100953,46.53469467163086,0.28616252541542053,1.1275862250606037,1522.6996519935688,,6000,
1197,1.196999999999979,0.001,1197,2.017272472381592,0.002326786994934082,2.019599259376526,46.53573989868164,0.28623518347740173,1.1274872536205707,1523.2199702031974,,6000,
1198,1.1979999999999789,0.001,1198,2.016986131668091,0.002326839256286621,2.0193129709243776,46.53678512573242,0.2863111197948456,1.1273881756999105,1523.7579706764081,,6000,
1199,1.1989999999999787,0.001,1199,2.01669979095459,0.0023268915176391605,2.019026682472229,46.5378303527832,0.28637930750846863,1.127289073760442,1524.2548562268414,,6000,
1200,1.1999999999999786,0.001,1200,2.016413688659668,0.0023269439697265627,2.0187406326293944,46.53887939453125,0.2864876985549927,1.1271900303439648,1524.9657511656853,,6000,2.0649453125
1201,1.2009999999999785,0.001,1201,2.016126871109009,0.0023269962310791016,2.018453867340088,46.53992462158203,0.28658416867256165,1.1270907152413392,1525.6136784581527,,6000,
1202,1.2019999999999784,0.001,1202,2.015840530395508,0.0023270484924316406,2.0181675788879394,46.54096984863281,0.2866818308830261,1.1269915411991343,1526.2678755050429,,6000,
1203,1.2029999999999783,0.001,1203,2.0155539512634277,0.0023271011352539064,2.0178810523986814,46.542022705078125,0.28680452704429626,1.1268922605143328,1527.0556224073832,,6000,
1204,1.2039999999999782,0.001,1204,2.0152671337127686,0.0023271541595458987,2.0175942878723143,46.54308319091797,0.286918580532074,1.1267928731224444,1527.7976318948315,,6000,
1205,1.204999999999978,0.001,1205,2.0149800777435303,0.002327206802368164,2.0173072845458986,46.54413604736328,0.2869826555252075,1.126693378958907,1528.2737657891628,,6000,
1206,1.205999999999978,0.001,1206,2.014693260192871,0.0023272592544555664,2.0170205194473265,46.54518508911133,0.2870999276638031,1.1265939432920105,1529.0332210993654,,6000,
1207,1.2069999999999779,0.001,1207,2.014406204223633,0.002327311897277832,2.016733516120911,46.54623794555664,0.28725478053092957,1.1264944008045126,1529.9931202096332,,6000,
1208,1.2079999999999778,0.001,1208,2.0141189098358154,0.0023273645401000976,2.0164462743759155,46.54729080200195,0.2873331308364868,1.126394751431758,1530.5458258106669,,6000,
1209,1.2089999999999776,0.001,1209,2.013831615447998,0.0023274173736572267,2.016159032821655,46.54834747314453,0.28742536902427673,1.1262950778357579,1531.1726456795752,,6000,
1210,1.2099999999999775,0.001,1210,2.0135443210601807,0.0023274702072143554,2.015871791267395,46.54940414428711,0.2875542640686035,1.1261953800120854,1531.994905176317,,6000,
1211,1.2109999999999774,0.001,1211,2.013256788253784,0.0023275232315063477,2.0155843114852905,46.55046463012695,0.28766247630119324,1.1260955751893589,1532.707254903233,,6000,
1212,1.2119999999999773,0.001,1212,2.0129690170288086,0.0023275760650634768,2.015296593093872,46.55152130126953,0.28772521018981934,1.1259956633027566,1533.1775400228487,,6000,
1213,1.2129999999999772,0.001,1213,2.012681245803833,0.0023276288986206054,2.0150088747024535,46.55257797241211,0.28777578473091125,1.1258957270946608,1533.58314347728,,6000,
1214,1.213999999999977,0.001,1214,2.0123934745788574,0.0023276819229125978,2.01472115650177,46.55363845825195,0.2878651022911072,1.125795766560624,1534.1953354677446,,6000,
1215,1.214999999999977,0.001,1215,2.012105703353882,0.00232773494720459,2.0144334383010865,46.5546989440918,0.28794723749160767,1.1256957816961997,1534.7693871130712,,6000,
1216,1.2159999999999769,0.001,1216,2.0118179321289062,0.0023277881622314456,2.0141457202911375,46.555763244628906,0.2880372405052185,1.1255957724969408,1535.3855133957588,,6000,
1217,1.2169999999999768,0.001,1217,2.0115299224853516,0.0023278413772583008,2.01385776386261,46.556827545166016,0.28811800479888916,1.1254956560704805,1535.9526440367533,,6000,
1218,1.2179999999999767,0.001,1218,2.0112416744232178,0.0023278945922851563,2.013569569015503,46.557891845703125,0.2882370054721832,1.1253954323518107,1536.7238777742466,,6000,
1219,1.2189999999999765,0.001,1219,2.010953664779663,0.0023279481887817383,2.013281612968445,46.558963775634766,0.28831589221954346,1.1252952671325318,1537.2812841605262,,6000,
1220,1.2199999999999764,0.001,1220,2.0106654167175293,0.002328001403808594,2.012993418121338,46.560028076171875,0.2884351313114166,1.1251949945717226,1538.0541117028463,,6000,
1221,1.2209999999999763,0.001,1221,2.0103766918182373,0.0023280546188354494,2.012704746437073,46.561092376708984,0.2885342538356781,1.1250945316355059,1538.7200580359083,,6000,
1222,1.2219999999999762,0.001,1222,2.0100882053375244,0.0023281080245971682,2.0124163133621216,46.56216049194336,0.28863972425460815,1.124994127165033,1539.4198989214758,,6000,
1223,1.222999999999976,0.001,1223,2.0097997188568115,0.002328161430358887,2.0121278802871703,46.563228607177734,0.2886982560157776,1.1248936982072824,1539.869535099376,,6000,
1224,1.223999999999976,0.001,1224,2.0095109939575195,0.002328215026855469,2.011839208984375,46.564300537109375,0.2888009250164032,1.1247931617282654,1540.5548407103859,,6000,
1225,1.2249999999999759,0.001,1225,2.0092222690582275,0.0023282690048217775,2.0115505380630494,46.56538009643555,0.2888889014720917,1.1246926007125033,1541.161920807932,,6000,
1226,1.2259999999999758,0.001,1226,2.0089335441589355,0.0023283224105834963,2.011261866569519,46.56644821166992,0.2889895737171173,1.124592015155508,1541.836878561632,,6000,
1227,1.2269999999999757,0.001,1227,2.0086445808410645,0.0023283761978149416,2.0109729570388795,46.56752395629883,0.2890962064266205,1.1244913219624617,1542.5439082380285,,6000,
1228,1.2279999999999756,0.001,1228,2.0083553791046143,0.002328429985046387,2.010683809089661,46.568599700927734,0.28916022181510925,1.1243905210680023,1543.0237967878834,,6000,
1229,1.2289999999999754,0.001,1229,2.008066177368164,0.002328483772277832,2.0103946611404417,46.56967544555664,0.28926804661750793,1.1242896955376596,1543.7376030339246,,6000,
1230,1.2299999999999753,0.001,1230,2.007776975631714,0.0023285375595092773,2.010105513191223,46.57075119018555,0.289363294839859,1.124188845366922,1544.384447679238,,6000,
1231,1.2309999999999752,0.001,1231,2.0074877738952637,0.0023285913467407226,2.0098163652420045,46.57182693481445,0.28944429755210876,1.1240879705512805,1544.9554045676236,,6000,
1232,1.2319999999999751,0.001,1232,2.0071983337402344,0.0023286453247070315,2.0095269790649413,46.572906494140625,0.289546936750412,1.1239869878943025,1545.6421108193847,,6000,
1233,1.232999999999975,0.001,1233,2.006908893585205,0.00232869930267334,2.0092375928878785,46.5739860534668,0.289623886346817,1.1238859805427297,1546.1918274322968,,6000,
1234,1.233999999999975,0.001,1234,2.0066192150115967,0.0023287534713745117,2.008947968482971,46.575069427490234,0.2897401452064514,1.1237848652594122,1546.951667512812,,6000,
1235,1.2349999999999748,0.001,1235,2.0063295364379883,0.0023288074493408206,2.008658343887329,46.576148986816406,0.28983989357948303,1.1236837252317406,1547.623519347716,,6000,
1236,1.2359999999999747,0.001,1236,2.006039619445801,0.0023288616180419924,2.008368481063843,46.577232360839844,0.28989270329475403,1.123582477181798,1548.0449856527023,,6000,
1237,1.2369999999999746,0.001,1237,2.0057499408721924,0.002328915596008301,2.0080788564682006,46.578311920166016,0.28997087478637695,1.1234812876314475,1548.6018929484858,,6000,
1238,1.2379999999999745,0.001,1238,2.005460023880005,0.0023289699554443362,2.007788993835449,46.57939910888672,0.2900383174419403,1.123379990008989,1549.1017466295773,,6000,
1239,1.2389999999999743,0.001,1239,2.0051698684692383,0.002329024124145508,2.0074988925933837,46.580482482910156,0.29012152552604675,1.1232785842486934,1549.6860507854958,,6000,
1240,1.2399999999999742,0.001,1240,2.004879951477051,0.0023290782928466797,2.0072090297698977,46.581565856933594,0.29017192125320435,1.1231772369947597,1550.0950964583599,,6000,
1241,1.2409999999999741,0.001,1241,2.004589557647705,0.0023291332244873048,2.0069186908721925,46.582664489746094,0.2902686297893524,1.12307569817766,1550.751905291969,,6000,
1242,1.241999999999974,0.001,1242,2.0042994022369385,0.00232918758392334,2.006628589820862,46.5837516784668,0.290343314409256,1.122974217857816,1551.2910793078463,,6000,
1243,1.242999999999974,0.001,1243,2.0040090084075928,0.002329241752624512,2.0063382501602174,46.584835052490234,0.2904466986656189,1.1228726292593936,1551.983855144036,,6000,
1244,1.2439999999999738,0.001,1244,2.003718852996826,0.002329296684265137,2.0060481496810914,46.585933685302734,0.29057547450065613,1.1227710991899862,1552.8123659949354,,6000,
1245,1.2449999999999737,0.001,1245,2.0034282207489014,0.0023293508529663087,2.0057575716018676,46.58701705932617,0.29066038131713867,1.1226693773348053,1553.4068383008394,,6000,
1246,1.2459999999999736,0.001,1246,2.0031373500823975,0.0023294055938720705,2.0054667556762698,46.588111877441406,0.290789932012558,1.1225675470441503,1554.240185073449,,6000,
1247,1.2469999999999735,0.001,1247,2.0028469562530518,0.0023294597625732423,2.005176416015625,46.589195251464844,0.2908778488636017,1.1224658587465162,1554.85093785444,,6000,
1248,1.2479999999999734,0.001,1248,2.002556085586548,0.0023295146942138674,2.004885600280762,46.590293884277344,0.2909869849681854,1.1223639784856076,1555.5755024897219,,6000,
1249,1.2489999999999732,0.001,1249,2.002264976501465,0.0023295698165893557,2.0045945463180543,46.59139633178711,0.2910619378089905,1.1222619896730288,1556.1175936848297,,6000,
1250,1.2499999999999731,0.001,1250,2.001973867416382,0.0023296247482299808,2.004303492164612,46.59249496459961,0.29116421937942505,1.1221599758023357,1556.805940282685,,6000,
1251,1.250999999999973,0.001,1251,2.001682758331299,0.002329679298400879,2.0040124376296995,46.59358596801758,0.29126203060150146,1.1220579368689334,1557.470542461963,,6000,
1252,1.251999999999973,0.001,1252,2.001391649246216,0.0023297344207763673,2.003721383666992,46.594688415527344,0.29134804010391235,1.121955872868226,1558.0721870589894,,6000,
1253,1.2529999999999728,0.001,1253,2.0011003017425537,0.002329789161682129,2.003430090904236,46.59578323364258,0.291441947221756,1.1218537001743079,1558.7163308895263,,6000,
1254,1.2539999999999727,0.001,1254,2.0008089542388916,0.0023298444747924807,2.003138798713684,46.59688949584961,0.2915019094944,1.1217515023627982,1559.1790635291102,,6000,
1255,1.2549999999999726,0.001,1255,2.0005173683166504,0.002329899024963379,2.002847267341614,46.59798049926758,0.2915838956832886,1.121649195766647,1559.7598435435477,,6000,
1256,1.2559999999999725,0.001,1256,2.000225782394409,0.0023299545288085937,2.0025557369232176,46.599090576171875,0.2916606664657593,1.1215468640025483,1560.312863387026,,6000,
1257,1.2569999999999724,0.001,1257,1.999934196472168,0.0023300098419189452,2.002264206314087,46.600196838378906,0.2917650640010834,1.1214445070658852,1561.0138290183381,,6000,
1258,1.2579999999999723,0.001,1258,1.9996426105499268,0.0023300649642944335,2.0019726755142213,46.60129928588867,0.2918635904788971,1.1213421249520406,1561.6835432346575,,6000,
1259,1.2589999999999721,0.001,1259,1.9993505477905273,0.002330120086669922,2.0016806678771975,46.60240173339844,0.2919386625289917,1.1212395501667682,1562.2281384146859,,6000,
1260,1.259999999999972,0.001,1260,1.999058723449707,0.0023301755905151367,2.001388899040222,46.603511810302734,0.29199865460395813,1.1211370338780844,1562.6920480572273,,6000,
1261,1.260999999999972,0.001,1261,1.9987667798995972,0.002330230712890625,2.001097010612488,46.6046142578125,0.29207906126976013,1.1210344504641139,1563.2653991079646,,6000,
1262,1.2619999999999718,0.001,1262,1.9984749555587769,0.0023302860260009765,2.0008052415847777,46.60572052001953,0.29217955470085144,1.1209318836959854,1563.9463500893432,,6000,
1263,1.2629999999999717,0.001,1263,1.9981826543807983,0.002330341720581055,2.0005129961013792,46.606834411621094,0.2923037111759186,1.1208291240316872,1564.754367505112,,6000,
1264,1.2639999999999716,0.001,1264,1.9978903532028198,0.002330397415161133,2.0002207506179808,46.607948303222656,0.29241862893104553,1.1207263390386744,1565.513107411432,,6000,
1265,1.2649999999999715,0.001,1265,1.9975979328155518,0.002330453109741211,1.999928385925293,46.60906219482422,0.29249337315559387,1.1206234867779588,1566.0569849195856,,6000,
1266,1.2659999999999714,0.001,1266,1.9973053932189941,0.0023305082321166994,1.999635901451111,46.610164642333984,0.29260939359664917,1.1205205672138754,1566.8220762294945,,6000,
1267,1.2669999999999713,0.001,1267,1.9970128536224365,0.0023305641174316406,1.9993434177398681,46.61128234863281,0.292684406042099,1.1204176222657676,1567.3677398087536,,6000,
1268,1.2679999999999712,0.001,1268,1.9967204332351685,0.0023306201934814455,1.9990510534286499,46.612403869628906,0.2927667200565338,1.1203146938943482,1567.9525850304162,,6000,
1269,1.268999999999971,0.001,1269,1.9964274168014526,0.0023306758880615236,1.998758092689514,46.61351776123047,0.29287323355674744,1.1202115302716442,1568.6674827515524,,6000,
1270,1.269999999999971,0.001,1270,1.9961347579956055,0.002330731201171875,1.9984654891967772,46.6146240234375,0.29296427965164185,1.1201084671263621,1569.2995183041955,,6000,
1271,1.2709999999999708,0.001,1271,1.9958417415618896,0.002330786895751953,1.9981725284576417,46.61573791503906,0.29304808378219604,1.1200052525683373,1569.8930863593375,,6000,
1272,1.2719999999999707,0.001,1272,1.9955488443374634,0.0023308431625366213,1.9978796875,46.61686325073242,0.2931448221206665,1.1199020545269127,1570.5560371232725,,6000,
1273,1.2729999999999706,0.001,1273,1.9952555894851685,0.0023308988571166993,1.9975864883422851,46.617977142333984,0.29324668645858765,1.1197987049597065,1571.2467883366921,,6000,
1274,1.2739999999999705,0.001,1274,1.994962453842163,0.002330955505371094,1.997293409347534,46.619110107421875,0.29333797097206116,1.1196953718789842,1571.8809508686525,,6000,
1275,1.2749999999999704,0.001,1275,1.9946690797805786,0.002331011199951172,1.9970000909805299,46.62022399902344,0.2934141755104065,1.1195919291972782,1572.4345693744563,,6000,
1276,1.2759999999999703,0.001,1276,1.9943758249282837,0.002331067085266113,1.9967068920135498,46.621341705322266,0.2935370206832886,1.119488502992672,1573.238241743033,,6000,
1277,1.2769999999999702,0.001,1277,1.9940822124481201,0.0023311233520507814,1.996413335800171,46.622467041015625,0.2936261296272278,1.1193849250565964,1573.8614468783308,,6000,
1278,1.27799999999997,0.001,1278,1.9937885999679565,0.002331179428100586,1.9961197793960572,46.62358856201172,0.29371780157089233,1.1192813214982615,1574.4985425704624,,6000,
1279,1.27899999999997,0.001,1279,1.993494987487793,0.0023312358856201172,1.995826223373413,46.624717712402344,0.2937960922718048,1.1191776923129586,1575.0640543842246,,6000,
1280,1.2799999999999698,0.001,1280,1.9932011365890503,0.0023312923431396486,1.9955324289321899,46.62584686279297,0.29388007521629333,1.1190739533160006,1575.660344942235,,6000,
1281,1.2809999999999697,0.001,1281,1.9929072856903076,0.0023313486099243164,1.995238634300232,46.62697219848633,0.2939583659172058,1.1189701886410048,1576.2262600090523,,6000,
1282,1.2819999999999696,0.001,1282,1.9926133155822754,0.0023314048767089845,1.9949447204589843,46.62809753417969,0.29402783513069153,1.1188663561724175,1576.745069732252,,6000,
1283,1.2829999999999695,0.001,1283,1.9923193454742432,0.002331461524963379,1.9946508069992066,46.62923049926758,0.29410943388938904,1.1187624979955066,1577.3290635841654,,6000,
1284,1.2839999999999694,0.001,1284,1.992025375366211,0.0023315176010131836,1.9943568929672242,46.63035202026367,0.29418638348579407,1.1186586141055481,1577.8882660516672,,6000,
1285,1.2849999999999693,0.001,1285,1.9917311668395996,0.002331574821472168,1.9940627416610717,46.63149642944336,0.2942420542240143,1.1185546202135699,1578.3335864340725,,6000,
1286,1.2859999999999692,0.001,1286,1.9914369583129883,0.002331631088256836,1.9937685894012451,46.63262176513672,0.294347882270813,1.118450600557353,1579.048098096412,,6000,
1287,1.286999999999969,0.001,1287,1.9911426305770874,0.002331687355041504,1.9934743179321288,46.63374710083008,0.29441845417022705,1.118346512969149,1579.5736871672918,,6000,
1288,1.287999999999969,0.001,1288,1.9908483028411865,0.0023317445755004886,1.993180047416687,46.634891510009766,0.2944929599761963,1.1182423995863446,1580.1205181549215,,6000,
1289,1.2889999999999688,0.001,1289,1.990553855895996,0.0023318008422851563,1.9928856567382813,46.636016845703125,0.2945743501186371,1.1181382182202841,1580.7044888645585,,6000,
1290,1.2899999999999687,0.001,1290,1.9902594089508057,0.0023318580627441406,1.9925912670135497,46.63716125488281,0.2946942448616028,1.118034011029235,1581.4952422975812,,6000,
1291,1.2909999999999686,0.001,1291,1.989964485168457,0.0023319149017333985,1.9922964000701904,46.63829803466797,0.29477357864379883,1.1179296091890873,1582.0687253696701,,6000,
1292,1.2919999999999685,0.001,1292,1.989669919013977,0.0023319717407226563,1.9920018907546997,46.639434814453125,0.29488372802734375,1.1178253080766731,1582.807577695945,,6000,
1293,1.2929999999999684,0.001,1293,1.9893749952316284,0.0023320287704467774,1.991707024002075,46.64057540893555,0.2949272692203522,1.1177208544267392,1583.18922682148,,6000,
1294,1.2939999999999683,0.001,1294,1.9890801906585693,0.0023320858001708985,1.9914122764587403,46.64171600341797,0.2950158715248108,1.1176164170853202,1583.8128378296124,,6000,
1295,1.2949999999999682,0.001,1295,1.9887851476669312,0.0023321428298950196,1.9911172904968262,46.64285659790039,0.2951265275478363,1.1175118693388324,1584.5551299018186,,6000,
1296,1.295999999999968,0.001,1296,1.988490104675293,0.002332200050354004,1.990822304725647,46.64400100708008,0.2951807379722595,1.1174072956340813,1584.9945089436183,,6000,
1297,1.296999999999968,0.001,1297,1.9881949424743652,0.0023322572708129883,1.9905271997451783,46.645145416259766,0.29529479146003723,1.1173026536985557,1585.755428840358,,6000,
1298,1.2979999999999678,0.001,1298,1.9878997802734375,0.0023323137283325196,1.99023209400177,46.64627456665039,0.2953852713108063,1.117197985774233,1586.3899241069632,,6000,
1299,1.2989999999999677,0.001,1299,1.9876044988632202,0.0023323713302612304,1.9899368701934814,46.64742660522461,0.29547637701034546,1.1170932495675947,1587.0279967659926,,6000,
1300,1.2999999999999676,0.001,1300,1.9873088598251343,0.0023324285507202148,1.9896412883758545,46.6485710144043,0.2955615818500519,1.1169883604438358,1587.6347094571893,,6000,2.039480224609375
1301,1.3009999999999675,0.001,1301,1.987013339996338,0.002332486152648926,1.989345826148987,46.649723052978516,0.29567041993141174,1.1168834875426326,1588.3684729654974,,6000,
1302,1.3019999999999674,0.001,1302,1.9867178201675415,0.0023325435638427735,1.9890503637313843,46.65087127685547,0.29578614234924316,1.1167785885704469,1589.139398139087,,6000,
1303,1.3029999999999673,0.001,1303,1.986421823501587,0.0023326011657714843,1.9887544246673583,46.65202331542969,0.29591211676597595,1.1166734941991963,1589.9658313902278,,6000,
1304,1.3039999999999672,0.001,1304,1.986126184463501,0.0023326581954956054,1.9884588426589966,46.65316390991211,0.29596179723739624,1.1165685006872246,1590.3823028604404,,6000,
1305,1.304999999999967,0.001,1305,1.9858300685882568,0.002332716178894043,1.9881627847671508,46.65432357788086,0.29600653052330017,1.1164633116612603,1590.7725445067367,,6000,
1306,1.305999999999967,0.001,1306,1.9855343103408813,0.0023327735900878907,1.9878670839309693,46.65547180175781,0.29606419801712036,1.1163582235270961,1591.2322323297742,,6000,
1307,1.3069999999999669,0.001,1307,1.9852383136749268,0.0023328311920166015,1.9875711448669433,46.65662384033203,0.2961215674877167,1.1162530245098883,1591.6905629047735,,6000,
1308,1.3079999999999667,0.001,1308,1.9849421977996826,0.0023328887939453127,1.987275086593628,46.65777587890625,0.29622387886047363,1.1161477569250875,1592.3906688298184,,6000,
1309,1.3089999999999666,0.001,1309,1.984645962715149,0.002332947158813477,1.9869789098739623,46.65894317626953,0.29631945490837097,1.1160424207362214,1593.0547947069833,,6000,
1310,1.3099999999999665,0.001,1310,1.9843496084213257,0.002333004379272461,1.986682612800598,46.66008758544922,0.2964304983615875,1.1159370159067938,1593.802306776494,,6000,
1311,1.3109999999999664,0.001,1311,1.984053373336792,0.0023330625534057617,1.9863864358901977,46.661251068115234,0.2965417802333832,1.1158316272307134,1594.5512190007273,,6000,
1312,1.3119999999999663,0.001,1312,1.9837567806243896,0.002333120155334473,1.9860899007797241,46.66240310668945,0.29665061831474304,1.1157260850317272,1595.2873503337016,,6000,
1313,1.3129999999999662,0.001,1313,1.9834600687026978,0.0023331783294677734,1.9857932470321655,46.66356658935547,0.29674166440963745,1.115620474082558,1595.9280309210856,,6000,
1314,1.313999999999966,0.001,1314,1.9831633567810059,0.002333236122131348,1.9854965929031372,46.66472244262695,0.29685842990875244,1.1155148367935652,1596.707207025818,,6000,
1315,1.314999999999966,0.001,1315,1.9828665256500244,0.002333293914794922,1.9851998195648193,46.66587829589844,0.29694119095802307,1.1154091307023632,1597.3037127876576,,6000,
1316,1.3159999999999659,0.001,1316,1.982569694519043,0.0023333524703979492,1.9849030469894409,46.667049407958984,0.29703933000564575,1.1153033982404632,1597.9830984515825,,6000,
1317,1.3169999999999658,0.001,1317,1.9822726249694824,0.0023334102630615237,1.9846060352325439,46.66820526123047,0.29711493849754333,1.1151975544455524,1598.5415533587388,,6000,
1318,1.3179999999999656,0.001,1318,1.9819755554199219,0.0023334686279296874,1.9843090240478516,46.66937255859375,0.2972119450569153,1.1150916842278387,1599.2152892578908,,6000,
1319,1.3189999999999655,0.001,1319,1.9816783666610718,0.0023335268020629883,1.9840118934631348,46.670536041259766,0.2972909212112427,1.1149857450825114,1599.7922261646986,,6000,
1320,1.3199999999999654,0.001,1320,1.9813811779022217,0.0023335851669311525,1.9837147630691527,46.67170333862305,0.29737937450408936,1.114879779483433,1600.4203142434428,,6000,
1321,1.3209999999999653,0.001,1321,1.981083869934082,0.0023336431503295898,1.9834175130844116,46.6728630065918,0.2974940240383148,1.1147737449045567,1601.189615730241,,6000,
1322,1.3219999999999652,0.001,1322,1.9807864427566528,0.0023337022781372073,1.98312014503479,46.67404556274414,0.297553688287735,1.1146676413091532,1601.663189602945,,6000,
1323,1.322999999999965,0.001,1323,1.980488896369934,0.0023337602615356445,1.9828226566314697,46.67520523071289,0.2976219654083252,1.114561468660467,1602.1833184275863,,6000,
1324,1.323999999999965,0.001,1324,1.9801913499832153,0.002333818817138672,1.982525168800354,46.67637634277344,0.2977112829685211,1.1144552694747898,1602.8168619570909,,6000,
1325,1.3249999999999649,0.001,1325,1.979893684387207,0.002333877182006836,1.9822275615692138,46.67754364013672,0.2977842390537262,1.114349001183532,1603.362530432321,,6000,
1326,1.3259999999999648,0.001,1326,1.9795960187911987,0.00233393611907959,1.9819299549102782,46.6787223815918,0.29786109924316406,1.114242706324234,1603.9293641460338,,6000,
1327,1.3269999999999647,0.001,1327,1.9792979955673218,0.002333994483947754,1.9816319900512696,46.67988967895508,0.29792341589927673,1.1141362571370155,1604.418206431128,,6000,
1328,1.3279999999999645,0.001,1328,1.9789999723434448,0.0023340532302856447,1.9813340255737304,46.68106460571289,0.29798728227615356,1.1140297813080684,1604.9155270854449,,6000,
1329,1.3289999999999644,0.001,1329,1.978702187538147,0.0023341119766235353,1.9810362995147706,46.6822395324707,0.29805731773376465,1.113923364045116,1605.4460873397718,,6000,
1330,1.3299999999999643,0.001,1330,1.97840416431427,0.002334170913696289,1.9807383352279664,46.68341827392578,0.2981332242488861,1.1138168349393107,1606.0085369339781,,6000,
1331,1.3309999999999642,0.001,1331,1.978106141090393,0.002334229850769043,1.9804403709411622,46.68459701538086,0.29824066162109375,1.1137102791770577,1606.7410018418952,,6000,
1332,1.331999999999964,0.001,1332,1.9778079986572266,0.002334288215637207,1.9801422868728638,46.68576431274414,0.29834040999412537,1.113603654115146,1607.4322792942837,,6000,
1333,1.332999999999964,0.001,1333,1.977509617805481,0.0023343473434448243,1.9798439651489257,46.686946868896484,0.2983957827091217,1.1134969170676687,1607.8847357472537,,6000,
1334,1.3339999999999639,0.001,1334,1.9772112369537354,0.0023344066619873046,1.9795456436157226,46.688133239746094,0.29849618673324585,1.1133901532849675,1608.5799888882996,,6000,
1335,1.3349999999999638,0.001,1335,1.9769127368927002,0.002334465599060059,1.9792472024917602,46.68931198120117,0.2985985279083252,1.113283320091763,1609.2859159178622,,6000,
1336,1.3359999999999637,0.001,1336,1.976614236831665,0.0023345245361328128,1.9789487613677978,46.69049072265625,0.2986796796321869,1.1131764601321115,1609.877806417536,,6000,
1337,1.3369999999999636,0.001,1337,1.9763156175613403,0.00233458366394043,1.9786502012252807,46.691673278808594,0.2987707555294037,1.1130695307093412,1610.5234073149154,,6000,
1338,1.3379999999999634,0.001,1338,1.976016879081726,0.0023346431732177734,1.978351522254944,46.69286346435547,0.29886317253112793,1.1129625317864285,1611.1764627947682,,6000,
1339,1.3389999999999633,0.001,1339,1.9757179021835327,0.0023347021102905273,1.9780526042938233,46.69404220581055,0.29895779490470886,1.112855420613165,1611.8416967766832,,6000,
1340,1.3399999999999632,0.001,1340,1.9754191637039185,0.002334761428833008,1.9777539251327514,46.695228576660156,0.2990173399448395,1.1127483680158259,1612.3178350449134,,6000,
1341,1.340999999999963,0.001,1341,1.9751200675964355,0.0023348207473754884,1.977454888343811,46.696414947509766,0.29907676577568054,1.1126411603808175,1612.7936468213195,,6000,
1342,1.341999999999963,0.001,1342,1.9748210906982422,0.0023348804473876956,1.97715597114563,46.697608947753906,0.29915812611579895,1.1125339685879596,1613.3878221920384,,6000,
1343,1.342999999999963,0.001,1343,1.9745219945907593,0.002334939765930176,1.9768569343566895,46.698795318603516,0.29921841621398926,1.112426707152399,1613.8685683658111,,6000,
1344,1.3439999999999628,0.001,1344,1.9742227792739868,0.002334999465942383,1.976557778739929,46.699989318847656,0.2993340790271759,1.1123193760370034,1614.648196241893,,6000,
1345,1.3449999999999627,0.001,1345,1.9739234447479248,0.0023350585937500002,1.9762585033416749,46.701171875,0.2994385361671448,1.1122119752046156,1615.36762510792,,6000,
1346,1.3459999999999626,0.001,1346,1.9736239910125732,0.002335118293762207,1.9759591093063356,46.70236587524414,0.2995428144931793,1.1121045046180544,1616.086329563365,,6000,
1347,1.3469999999999624,0.001,1347,1.9733245372772217,0.0023351776123046878,1.9756597148895263,46.70355224609375,0.29965832829475403,1.1119970070391125,1616.8658354179227,,6000,
1348,1.3479999999999623,0.001,1348,1.973024845123291,0.0023352373123168946,1.975360082435608,46.70474624633789,0.29974809288978577,1.1118893968433208,1617.5067074518963,,6000,
1349,1.3489999999999622,0.001,1349,1.97272527217865,0.002335297203063965,1.9750605693817138,46.7059440612793,0.2998606264591217,1.1117818024226953,1618.2705588759895,,6000,
1350,1.3499999999999621,0.001,1350,1.9724254608154297,0.002335356903076172,1.9747608177185059,46.70713806152344,0.2999672591686249,1.1116740953107254,1619.0028737772143,,6000,
1351,1.350999999999962,0.001,1351,1.97212553024292,0.002335416412353516,1.9744609466552734,46.70832824707031,0.30005699396133423,1.111566318279877,1619.6442210969408,,6000,
1352,1.351999999999962,0.001,1352,1.9718254804611206,0.0023354766845703127,1.9741609571456908,46.70953369140625,0.30013319849967957,1.1114584712928417,1620.2127542411897,,6000,
1353,1.3529999999999618,0.001,1353,1.9715254306793213,0.0023355365753173827,1.9738609672546388,46.710731506347656,0.3001933693885803,1.1113505971758895,1620.6948742444583,,6000,
1354,1.3539999999999617,0.001,1354,1.9712251424789429,0.002335596466064453,1.9735607389450074,46.71192932128906,0.30027079582214355,1.111242610175248,1621.270421450755,,6000,
1355,1.3549999999999616,0.001,1355,1.970924973487854,0.002335656547546387,1.9732606300354003,46.713130950927734,0.30036047101020813,1.1111346388767207,1621.912199482062,,6000,
1356,1.3559999999999615,0.001,1356,1.9706246852874756,0.002335717010498047,1.9729604022979736,46.71434020996094,0.3004187345504761,1.111026597515729,1622.38456877027,,6000,
1357,1.3569999999999613,0.001,1357,1.9703242778778076,0.0023357770919799807,1.9726600549697877,46.71554183959961,0.30050984025001526,1.1109184860548802,1623.034510752591,,6000,
1358,1.3579999999999612,0.001,1358,1.97002375125885,0.002335837173461914,1.972359588432312,46.71674346923828,0.3006255626678467,1.1108103044567565,1623.8176480449633,,6000,
1359,1.3589999999999611,0.001,1359,1.969723105430603,0.0023358972549438477,1.972059002685547,46.71794509887695,0.3006903827190399,1.110702052683917,1624.3260665222351,,6000,
1360,1.359999999999961,0.001,1360,1.9694225788116455,0.002335957908630371,1.971758536720276,46.71915817260742,0.30077043175697327,1.1105938165773126,1624.9168360250933,,6000,
1361,1.360999999999961,0.001,1361,1.9691219329833984,0.0023360179901123048,1.9714579509735108,46.720359802246094,0.3008653223514557,1.1104855102643207,1625.5880130115859,,6000,
1362,1.3619999999999608,0.001,1362,1.9688209295272827,0.0023360780715942385,1.971157007598877,46.721561431884766,0.3009563386440277,1.1103770477857666,1626.2386145904566,,6000,
1363,1.3629999999999607,0.001,1363,1.968520164489746,0.002336138916015625,1.9708563034057618,46.7227783203125,0.3010130524635315,1.1102686438975655,1626.7038835222834,,6000,
1364,1.3639999999999606,0.001,1364,1.9682190418243408,0.0023361993789672852,1.970555241203308,46.7239875793457,0.3010754883289337,1.1101600837470986,1627.2003978708385,,6000,
1365,1.3649999999999605,0.001,1365,1.9679181575775146,0.002336259651184082,1.9702544172286987,46.72519302368164,0.301167756319046,1.1100515821985697,1627.8581706404277,,6000,
1366,1.3659999999999604,0.001,1366,1.9676169157028198,0.002336320495605469,1.9699532361984253,46.726409912109375,0.3012714684009552,1.1099429242909946,1628.5781645577874,,6000,
1367,1.3669999999999602,0.001,1367,1.9673157930374146,0.002336380958557129,1.9696521739959716,46.72761917114258,0.3013778328895569,1.1098342819819047,1629.3126160314664,,6000,
1368,1.3679999999999601,0.001,1368,1.9670143127441406,0.0023364416122436523,1.9693507543563842,46.72883224487305,0.3014478385448456,1.1097254831951933,1629.8508583054117,,6000,
1369,1.36899999999996,0.001,1369,1.9667130708694458,0.002336502456665039,1.9690495733261109,46.73004913330078,0.30151715874671936,1.1096167430119115,1630.385413588605,,6000,
1370,1.36999999999996,0.001,1370,1.9664114713668823,0.002336563301086426,1.9687480346679687,46.731266021728516,0.30158841609954834,1.1095078462540284,1630.9307795404154,,6000,
1371,1.3709999999999598,0.001,1371,1.9661099910736084,0.0023366239547729494,1.9684466150283813,46.732479095458984,0.30165895819664,1.1093989650526788,1631.4723613374708,,6000,
1372,1.3719999999999597,0.001,1372,1.965808391571045,0.002336684799194336,1.9681450763702393,46.73369598388672,0.30173563957214355,1.109290013296664,1632.04735978155,,6000,
1373,1.3729999999999596,0.001,1373,1.965506672859192,0.002336746025085449,1.9678434188842773,46.734920501708984,0.30180624127388,1.1091809909482944,1632.589687725449,,6000,
1374,1.3739999999999595,0.001,1374,1.9652049541473389,0.002336806678771973,1.9675417608261108,46.73613357543945,0.3019085228443146,1.109071941060992,1633.3035486705808,,6000,
1375,1.3749999999999594,0.001,1375,1.9649029970169067,0.0023368675231933596,1.9672398645401001,46.73735046386719,0.3019852936267853,1.108962777425638,1633.8796924878843,,6000,
1376,1.3759999999999593,0.001,1376,1.9646012783050537,0.0023369287490844727,1.9669382070541381,46.73857498168945,0.30209019780158997,1.1088536724234732,1634.608092921865,,6000,
1377,1.3769999999999591,0.001,1377,1.964298963546753,0.002336989974975586,1.9666359535217286,46.73979949951172,0.302137553691864,1.1087443242480997,1635.0255712745682,,6000,
1378,1.377999999999959,0.001,1378,1.9639971256256104,0.0023370512008666993,1.966334176826477,46.741024017333984,0.3022228479385376,1.1086351209433793,1635.6482429387488,,6000,
1379,1.378999999999959,0.001,1379,1.9636948108673096,0.002337112426757813,1.9660319232940673,46.74224853515625,0.3022756576538086,1.1085257174700782,1636.0955071588644,,6000,
1380,1.3799999999999588,0.001,1380,1.9633926153182983,0.002337173843383789,1.965729789161682,46.74347686767578,0.30234697461128235,1.1084163294748817,1636.6430188980753,,6000,
1381,1.3809999999999587,0.001,1381,1.963090181350708,0.002337234878540039,1.965427416229248,46.74469757080078,0.3023970425128937,1.108306827483065,1637.0757718760747,,6000,
1382,1.3819999999999586,0.001,1382,1.9627878665924072,0.0023372962951660158,1.9651251628875732,46.74592590332031,0.30249616503715515,1.1081973409591481,1637.774178967135,,6000,
1383,1.3829999999999585,0.001,1383,1.9624853134155273,0.0023373577117919925,1.9648226711273193,46.747154235839844,0.30256956815719604,1.1080877403628793,1638.3336290217046,,6000,
1384,1.3839999999999584,0.001,1384,1.9621829986572266,0.002337419319152832,1.9645204179763793,46.74838638305664,0.30266106128692627,1.1079781984245307,1638.9910652607946,,6000,
1385,1.3849999999999583,0.001,1385,1.9618802070617676,0.0023374811172485353,1.964217688179016,46.7496223449707,0.3027406632900238,1.1078684559375689,1639.5845282939474,,6000,
1386,1.3859999999999582,0.001,1386,1.9615774154663086,0.0023375423431396484,1.9639149578094481,46.75084686279297,0.3028225004673004,1.1077586856540718,1640.1902565367839,,6000,
1387,1.386999999999958,0.001,1387,1.9612748622894287,0.0023376041412353516,1.963612466430664,46.75208282470703,0.30287402868270874,1.1076489740350386,1640.6318379696047,,6000,
1388,1.387999999999958,0.001,1388,1.9609719514846802,0.0023376655578613284,1.9633096170425415,46.75331115722656,0.3029189109802246,1.1075391049209886,1641.0377365510794,,6000,
1389,1.3889999999999578,0.001,1389,1.9606691598892212,0.002337727737426758,1.963006887626648,46.754554748535156,0.3029865324497223,1.1074292512280945,1641.5668925868938,,6000,
1390,1.3899999999999577,0.001,1390,1.9603662490844727,0.002337788963317871,1.9627040380477905,46.75577926635742,0.3030717372894287,1.107319326452258,1642.191534363122,,6000,
1391,1.3909999999999576,0.001,1391,1.960063099861145,0.002337851333618164,1.962400951194763,46.75702667236328,0.303164005279541,1.107209287278598,1642.8547453283331,,6000,
1392,1.3919999999999575,0.001,1392,1.959760069847107,0.002337912940979004,1.962097982788086,46.75825881958008,0.30327948927879333,1.1070992634997399,1643.6438860237645,,6000,
1393,1.3929999999999574,0.001,1393,1.9594569206237793,0.0023379751205444338,1.9617948957443236,46.75950241088867,0.30335626006126404,1.1069891685458106,1644.2234595290545,,6000,
1394,1.3939999999999573,0.001,1394,1.9591532945632935,0.002338036918640137,1.9614913314819336,46.760738372802734,0.3034559190273285,1.1068788724493368,1644.9275159936783,,6000,
1395,1.3949999999999572,0.001,1395,1.9588501453399658,0.0023380990982055667,1.9611882444381714,46.76198196411133,0.3035063147544861,1.1067687216397122,1645.364431539945,,6000,
1396,1.395999999999957,0.001,1396,1.95854651927948,0.002338161087036133,1.960884680366516,46.763221740722656,0.30359044671058655,1.106658369589376,1645.9846419807047,,6000,
1397,1.396999999999957,0.001,1397,1.9582431316375732,0.002338223266601563,1.9605813549041748,46.76446533203125,0.3036767244338989,1.1065480762179367,1646.6165237311707,,6000,
1398,1.3979999999999568,0.001,1398,1.9579395055770874,0.002338285446166992,1.9602777910232545,46.765708923339844,0.3037947416305542,1.106437668171126,1647.4208192823462,,6000,
1399,1.3989999999999567,0.001,1399,1.957635760307312,0.0023383474349975585,1.9599741077423096,46.76694869995117,0.30386999249458313,1.1063271887425672,1647.9934449046125,,6000,
1400,1.3999999999999566,0.001,1400,1.957331895828247,0.0023384101867675784,1.9596703060150147,46.76820373535156,0.30393925309181213,1.1062166378940774,1648.5338007775379,,6000,2.0131500244140623
1401,1.4009999999999565,0.001,1401,1.9570280313491821,0.002338472175598145,1.9593665035247803,46.76944351196289,0.30402258038520813,1.106106058974254,1649.1506103879935,,6000,
1402,1.4019999999999564,0.001,1402,1.956723928451538,0.002338534736633301,1.9590624631881715,46.770694732666016,0.3041272461414337,1.1059953651822811,1649.8834753686872,,6000,
1403,1.4029999999999563,0.001,1403,1.9564199447631836,0.0023385969161987307,1.9587585416793822,46.77193832397461,0.304192453622818,1.1058846866733938,1650.4023825731294,,6000,
1404,1.4039999999999562,0.001,1404,1.95611572265625,0.002338659477233887,1.9584543821334839,46.773189544677734,0.3043057918548584,1.1057738932158574,1651.1827258095072,,6000,
1405,1.404999999999956,0.001,1405,1.9558115005493164,0.002338722038269043,1.9581502225875855,46.77444076538086,0.3043575882911682,1.105663071600127,1651.6293043089452,,6000,
1406,1.405999999999956,0.001,1406,1.9555071592330933,0.002338784408569336,1.9578459436416626,46.77568817138672,0.3044583201408386,1.1055521783790605,1652.3416592814078,,6000,
1407,1.4069999999999558,0.001,1407,1.9552028179168701,0.0023388469696044925,1.9575416648864745,46.776939392089844,0.3045440912246704,1.1054412569673424,1652.9729968292695,,6000,
1408,1.4079999999999557,0.001,1408,1.9548982381820679,0.002338909721374512,1.9572371479034423,46.778194427490234,0.30466529726982117,1.1053302204316804,1653.7969828645555,,6000,
1409,1.4089999999999556,0.001,1409,1.9545937776565552,0.0023389726638793945,1.9569327503204346,46.77945327758789,0.3047303855419159,1.1052191991258815,1654.31646020768,,6000,
1410,1.4099999999999555,0.001,1410,1.9542888402938843,0.0023390352249145507,1.956627875518799,46.780704498291016,0.30481764674186707,1.1051079756470759,1654.956728893681,,6000,
1411,1.4109999999999554,0.001,1411,1.953984260559082,0.0023390979766845705,1.9563233585357667,46.781959533691406,0.3048962950706482,1.1049968543379496,1655.550206538775,,6000,
1412,1.4119999999999553,0.001,1412,1.9536793231964111,0.0023391611099243164,1.9560184843063355,46.78322219848633,0.30499833822250366,1.1048855742430486,1656.2710854368233,,6000,
1413,1.4129999999999552,0.001,1413,1.9533743858337402,0.0023392240524291994,1.9557136098861694,46.784481048583984,0.30510613322257996,1.1047742658156614,1657.0233901890444,,6000,
1414,1.413999999999955,0.001,1414,1.9530693292617798,0.002339286804199219,1.955408616065979,46.785736083984375,0.30517885088920593,1.1046628855200977,1657.5854311183173,,6000,
1415,1.414999999999955,0.001,1415,1.9527641534805298,0.0023393503189086916,1.9551035037994384,46.78700637817383,0.30526936054229736,1.10455143331788,1658.2443406477944,,6000,
1416,1.4159999999999549,0.001,1416,1.9524589776992798,0.002339413070678711,1.9547983907699584,46.78826141357422,0.30536067485809326,1.1044399527231634,1658.9077972334146,,6000,
1417,1.4169999999999547,0.001,1417,1.9521534442901611,0.0023394763946533205,1.9544929206848145,46.789527893066406,0.30545225739479065,1.1043283130394543,1659.5730841352308,,6000,
1418,1.4179999999999546,0.001,1418,1.9518481492996216,0.0023395395278930664,1.9541876888275147,46.79079055786133,0.3055785298347473,1.1042167320358982,1660.4269124124064,,6000,
1419,1.4189999999999545,0.001,1419,1.951542615890503,0.0023396024703979494,1.9538822183609008,46.792049407958984,0.3056972026824951,1.1041050354300084,1661.2397890030668,,6000,
1420,1.4199999999999544,0.001,1420,1.9512369632720947,0.002339665985107422,1.953576629257202,46.79331970214844,0.3057582378387451,1.1039932667469616,1661.7396883571344,,6000,
1421,1.4209999999999543,0.001,1421,1.950931191444397,0.002339729118347168,1.953270920562744,46.79458236694336,0.30585622787475586,1.103881425948152,1662.4406608456961,,6000,
1422,1.4219999999999542,0.001,1422,1.9506253004074097,0.0023397924423217776,1.9529650928497315,46.79584884643555,0.3059063255786896,1.1037695129949476,1662.8815453435511,,6000,
1423,1.422999999999954,0.001,1423,1.9503196477890015,0.0023398561477661135,1.9526595039367676,46.797122955322266,0.3059874176979065,1.103657658740112,1663.490930949776,,6000,
1424,1.423999999999954,0.001,1424,1.9500136375427246,0.0023399194717407226,1.9523535570144652,46.79838943481445,0.30605313181877136,1.1035456450371621,1664.0170700422543,,6000,
1425,1.4249999999999539,0.001,1425,1.9497076272964478,0.002339983367919922,1.9520476106643676,46.79966735839844,0.30614134669303894,1.1034336027388374,1664.665708565504,,6000,
1426,1.4259999999999537,0.001,1426,1.9494014978408813,0.002340046310424805,1.9517415441513062,46.800926208496094,0.3062141239643097,1.1033214881759772,1665.2306362883196,,6000,
1427,1.4269999999999536,0.001,1427,1.949095368385315,0.002340110015869141,1.951435478401184,46.80220031738281,0.3062874376773834,1.1032093449849085,1665.7986395949536,,6000,
1428,1.4279999999999535,0.001,1428,1.948789119720459,0.0023401741027832034,1.9511292938232423,46.80348205566406,0.3063949942588806,1.103097129474161,1666.5531225066486,,6000,
1429,1.4289999999999534,0.001,1429,1.9484827518463135,0.0023402376174926757,1.950822989463806,46.804752349853516,0.30648282170295715,1.1029848416049874,1667.2005460581915,,6000,
1430,1.4299999999999533,0.001,1430,1.9481762647628784,0.002340301513671875,1.9505165662765502,46.8060302734375,0.30654531717300415,1.1028724813386155,1667.710396405577,,6000,
1431,1.4309999999999532,0.001,1431,1.9478697776794434,0.002340365409851074,1.9502101430892944,46.807308197021484,0.30663105845451355,1.1027600923559486,1668.3468720712788,,6000,
1432,1.431999999999953,0.001,1432,1.9475631713867188,0.00234042911529541,1.949903600502014,46.8085823059082,0.30673640966415405,1.1026476309208226,1669.0902935582315,,6000,
1433,1.432999999999953,0.001,1433,1.9472565650939941,0.0023404930114746094,1.9495970581054687,46.80986022949219,0.30681779980659485,1.1025351407364652,1669.7035140393716,,6000,
1434,1.4339999999999529,0.001,1434,1.94694983959198,0.002340557098388672,1.9492903966903687,46.81114196777344,0.3068912923336029,1.1024225780443437,1670.273986285821,,6000,
1435,1.4349999999999528,0.001,1435,1.9466428756713867,0.002340620994567871,1.9489834966659545,46.81241989135742,0.30695247650146484,1.1023098990411682,1670.777755521187,,6000,
1436,1.4359999999999526,0.001,1436,1.9463359117507935,0.0023406850814819335,1.9486765968322755,46.81370162963867,0.30703529715538025,1.1021971912057218,1671.399453410908,,6000,
1437,1.4369999999999525,0.001,1437,1.9460289478302002,0.0023407491683959964,1.9483696969985962,46.81498336791992,0.3071381151676178,1.102084454532691,1672.130192406269,,6000,
1438,1.4379999999999524,0.001,1438,1.945721983909607,0.002340813446044922,1.948062797355652,46.81626892089844,0.307245135307312,1.1019716890167626,1672.884004387367,,6000,
1439,1.4389999999999523,0.001,1439,1.945414662361145,0.002340877723693848,1.947755540084839,46.81755447387695,0.3073166608810425,1.1018587632248884,1673.4449339855335,,6000,
1440,1.4399999999999522,0.001,1440,1.9451074600219727,0.0023409418106079103,1.9474484018325806,46.8188362121582,0.30742019414901733,1.101745852332684,1674.1802667001382,,6000,
1441,1.440999999999952,0.001,1441,1.9448001384735107,0.0023410064697265624,1.9471411449432372,46.82012939453125,0.3075033724308014,1.101632868705103,1674.8049981056834,,6000,
1442,1.441999999999952,0.001,1442,1.9444924592971802,0.0023410709381103518,1.9468335302352906,46.82141876220703,0.30760759115219116,1.101519724617311,1675.5447094280219,,6000,
1443,1.4429999999999519,0.001,1443,1.9441850185394287,0.0023411350250244142,1.9465261535644531,46.82270050048828,0.30766576528549194,1.101406639233659,1676.0336518375857,,6000,
1444,1.4439999999999518,0.001,1444,1.9438772201538086,0.002341199493408203,1.9462184196472168,46.82398986816406,0.30775800347328186,1.1012933932892477,1676.7085248051671,,6000,
1445,1.4449999999999517,0.001,1445,1.9435696601867676,0.002341264343261719,1.9459109245300292,46.825286865234375,0.3078104555606842,1.1011802060607647,1677.1666646378064,,6000,
1446,1.4459999999999515,0.001,1446,1.9432618618011475,0.0023413284301757814,1.9456031902313233,46.826568603515625,0.3078751564025879,1.1010669020587858,1677.6918232321027,,6000,
1447,1.4469999999999514,0.001,1447,1.9429539442062378,0.0023413930892944336,1.9452953372955322,46.82786178588867,0.30795687437057495,1.1009535251096094,1678.3099414114606,,6000,
1448,1.4479999999999513,0.001,1448,1.9426461458206177,0.0023414579391479494,1.9449876037597655,46.829158782958984,0.30804285407066345,1.100840162994913,1678.951392358058,,6000,
1449,1.4489999999999512,0.001,1449,1.942338228225708,0.002341522789001465,1.9446797510147096,46.8304557800293,0.3081240653991699,1.1007267278998025,1679.5670946615805,,6000,
1450,1.449999999999951,0.001,1450,1.9420300722122192,0.0023415876388549806,1.9443716598510743,46.83175277709961,0.3082268238067627,1.1006131758522184,1680.3005664625023,,6000,
1451,1.450999999999951,0.001,1451,1.941721796989441,0.002341652297973633,1.9440634492874145,46.833045959472656,0.3082900941371918,1.1004995507233755,1680.8190095191655,,6000,
1452,1.4519999999999509,0.001,1452,1.9414137601852417,0.0023417171478271486,1.9437554773330687,46.83434295654297,0.30836424231529236,1.10038598434051,1681.396782784923,,6000,
1453,1.4529999999999508,0.001,1453,1.9411052465438843,0.0023417821884155273,1.9434470287322998,46.83564376831055,0.30842554569244385,1.100272212965379,1681.9049434750127,,6000,
1454,1.4539999999999507,0.001,1454,1.9407970905303955,0.002341847038269043,1.9431389375686645,46.83694076538086,0.3085404336452484,1.1001585443035258,1682.7052895757415,,6000,
1455,1.4549999999999506,0.001,1455,1.9404884576797485,0.0023419122695922854,1.9428303699493408,46.8382453918457,0.3086400628089905,1.1000446705258125,1683.4228886075855,,6000,
1456,1.4559999999999504,0.001,1456,1.9401800632476807,0.0023419771194458008,1.9425220403671264,46.839542388916016,0.3087482452392578,1.0999308554951446,1684.187203387099,,6000,
1457,1.4569999999999503,0.001,1457,1.939871072769165,0.002342042350769043,1.942213115119934,46.84084701538086,0.30880776047706604,1.0998167911903634,1684.686556619132,,6000,
1458,1.4579999999999502,0.001,1458,1.9395623207092285,0.0023421075820922854,1.9419044282913207,46.8421516418457,0.30888113379478455,1.0997027855992352,1685.2615334231778,,6000,
1459,1.4589999999999501,0.001,1459,1.939253568649292,0.002342172622680664,1.9415957412719727,46.84345245361328,0.3089616894721985,1.0995887507150917,1685.8758655248475,,6000,
1460,1.45999999999995,0.001,1460,1.938944697380066,0.0023422382354736327,1.9412869356155396,46.844764709472656,0.30905309319496155,1.0994746424866544,1686.549636993813,,6000,
1461,1.46099999999995,0.001,1461,1.9386355876922607,0.002342303276062012,1.9409778909683228,46.846065521240234,0.3091377317905426,1.0993604168173592,1687.1868064096443,,6000,
1462,1.4619999999999498,0.001,1462,1.9383267164230347,0.0023423686981201173,1.9406690851211548,46.847373962402344,0.3092111349105835,1.0992462499080042,1687.7626915886844,,6000,
1463,1.4629999999999497,0.001,1463,1.9380173683166504,0.002342434120178223,1.9403598024368287,46.84868240356445,0.30929943919181824,1.099131877341935,1688.420355561737,,6000,
1464,1.4639999999999496,0.001,1464,1.9377081394195557,0.0023424995422363284,1.940050638961792,46.84999084472656,0.30937063694000244,1.0990175194337701,1688.9847421143643,,6000,
1465,1.4649999999999495,0.001,1465,1.9373987913131714,0.0023425653457641604,1.9397413566589357,46.8513069152832,0.30949223041534424,1.098903088006996,1689.8245193394555,,6000,
1466,1.4659999999999493,0.001,1466,1.9370895624160767,0.002342630958557129,1.9394321933746337,46.85261917114258,0.30957069993019104,1.098788671249973,1690.4289679908654,,6000,
1467,1.4669999999999492,0.001,1467,1.9367799758911133,0.0023426963806152347,1.9391226722717285,46.85392761230469,0.309636652469635,1.0986740926902976,1690.9654347711157,,6000,
1468,1.4679999999999491,0.001,1468,1.9364702701568604,0.0023427618026733397,1.9388130319595336,46.8552360534668,0.3097088932991028,1.0985594404935766,1691.5364715811045,,6000,
1469,1.468999999999949,0.001,1469,1.9361604452133179,0.002342827606201172,1.938503272819519,46.85655212402344,0.30979281663894653,1.0984447146202763,1692.171554101598,,6000,
1470,1.469999999999949,0.001,1470,1.935850739479065,0.0023428936004638674,1.9381936330795289,46.857872009277344,0.3098873794078827,1.0983300033495849,1692.8648682790251,,6000,
1471,1.4709999999999488,0.001,1471,1.935541033744812,0.0023429594039916994,1.9378839931488037,46.859188079833984,0.30996352434158325,1.0982152625394344,1693.4577486649337,,6000,
1472,1.4719999999999487,0.001,1472,1.93523108959198,0.0023430252075195314,1.9375741147994996,46.860504150390625,0.31001245975494385,1.0981004038201534,1693.9022625423838,,6000,
1473,1.4729999999999486,0.001,1473,1.9349212646484375,0.00234309139251709,1.9372643560409546,46.8618278503418,0.31007224321365356,1.0979855596985253,1694.4061266094811,,6000,
1474,1.4739999999999485,0.001,1474,1.9346109628677368,0.002343157196044922,1.9369541200637816,46.86314392089844,0.31015124917030334,1.0978705091787981,1695.015468093564,,6000,
1475,1.4749999999999484,0.001,1475,1.9343008995056152,0.0023432233810424807,1.9366441228866578,46.86446762084961,0.31023475527763367,1.0977555174165534,1695.649443007512,,6000,
1476,1.4759999999999482,0.001,1476,1.933990716934204,0.0023432889938354495,1.9363340059280396,46.865779876708984,0.3103315532207489,1.0976404517916352,1696.356321676412,,6000,
1477,1.4769999999999481,0.001,1477,1.933680534362793,0.002343355369567871,1.936023889732361,46.86710739135742,0.310390442609787,1.0975253565034842,1696.8561542776617,,6000,
1478,1.477999999999948,0.001,1478,1.9333701133728027,0.0023434215545654296,1.9357135349273682,46.868431091308594,0.31048449873924255,1.0974101430456389,1697.5485457655197,,6000,
1479,1.478999999999948,0.001,1479,1.9330599308013916,0.0023434875488281253,1.9354034183502198,46.8697509765625,0.3105776011943817,1.0972949883918361,1698.2357769603339,,6000,
1480,1.4799999999999478,0.001,1480,1.9327491521835327,0.002343553924560547,1.9350927061080934,46.87107849121094,0.310657799243927,1.0971795826917752,1698.8529725376695,,6000,
1481,1.4809999999999477,0.001,1481,1.932438611984253,0.0023436203002929687,1.9347822322845458,46.872406005859375,0.31073197722435,1.0970642357619775,1699.4372823129786,,6000,
1482,1.4819999999999476,0.001,1482,1.9321279525756836,0.0023436870574951173,1.9344716396331787,46.873741149902344,0.3108271062374115,1.0969488147769468,1700.1364259677785,,6000,
1483,1.4829999999999475,0.001,1483,1.9318170547485352,0.0023437532424926757,1.9341608079910277,46.875064849853516,0.3108990490436554,1.096833275389285,1700.7090650125213,,6000,
1484,1.4839999999999474,0.001,1484,1.9315061569213867,0.002343819618225098,1.9338499765396118,46.87639236450195,0.3109879791736603,1.0967177061630178,1701.3748064395775,,6000,
1485,1.4849999999999473,0.001,1485,1.9311952590942383,0.002343886184692383,1.9335391452789306,46.877723693847656,0.3110930323600769,1.0966021070926528,1702.1289509548192,,6000,
1486,1.4859999999999471,0.001,1486,1.9308842420578003,0.002343952560424805,1.933228194618225,46.879051208496094,0.3111583888530731,1.096486433830732,1702.6661484501735,,6000,
1487,1.486999999999947,0.001,1487,1.9305732250213623,0.002344019317626953,1.9329172443389893,46.88038635253906,0.31124362349510193,1.096370730690831,1703.3122909017377,,6000,
1488,1.487999999999947,0.001,1488,1.9302620887756348,0.0023440860748291017,1.932606174850464,46.88172149658203,0.31135258078575134,1.0962549533025738,1704.0885234649384,,6000,
1489,1.4889999999999468,0.001,1489,1.9299507141113281,0.0023441528320312503,1.9322948669433593,46.883056640625,0.3114389181137085,1.0961390572497298,1704.7412883642246,,6000,
1490,1.4899999999999467,0.001,1490,1.9296393394470215,0.002344219398498535,1.93198355884552,46.8843879699707,0.3115396201610565,1.096023131233623,1705.4728752507517,,6000,
1491,1.4909999999999466,0.001,1491,1.9293278455734253,0.0023442859649658206,1.9316721315383911,46.885719299316406,0.3116280436515808,1.095907130849438,1706.1375086228584,,6000,
1492,1.4919999999999465,0.001,1492,1.9290162324905396,0.002344353485107422,1.931360585975647,46.88706970214844,0.31169530749320984,1.0957910560572195,1706.6865390272023,,6000,
1493,1.4929999999999464,0.001,1493,1.9287046194076538,0.0023444202423095702,1.9310490396499633,46.888404846191406,0.3117626905441284,1.095674951239266,1707.2363853431625,,6000,
1494,1.4939999999999463,0.001,1494,1.9283928871154785,0.0023444875717163085,1.9307373746871948,46.88975143432617,0.31187233328819275,1.0955587719562851,1708.0179061391534,,6000,
1495,1.4949999999999461,0.001,1495,1.9280810356140137,0.0023445539474487307,1.9304255895614624,46.89107894897461,0.3119593560695648,1.0954425181682652,1708.6758139963654,,6000,
1496,1.495999999999946,0.001,1496,1.9277691841125488,0.002344621467590332,1.9301138055801392,46.89242935180664,0.31206732988357544,1.0953262342919468,1709.4486744507067,,6000,
1497,1.496999999999946,0.001,1497,1.9274569749832153,0.002344688415527344,1.9298016633987427,46.893768310546875,0.3121364414691925,1.0952097869169366,1710.009051404865,,6000,
1498,1.4979999999999458,0.001,1498,1.9271448850631714,0.0023447555541992187,1.9294896406173707,46.895111083984375,0.3122391104698181,1.0950933538532892,1710.7533857518915,,6000,
1499,1.4989999999999457,0.001,1499,1.926832675933838,0.002344822883605957,1.929177498817444,46.89645767211914,0.3123297393321991,1.094976846147353,1711.4320203086831,,6000,
1500,1.4999999999999456,0.001,1500,1.9265204668045044,0.002344890022277832,1.9288653568267822,46.89780044555664,0.31241801381111145,1.094860308261868,1712.097944113547,,6000,1.98594287109375
1501,1.5009999999999455,0.001,1501,1.9262080192565918,0.0023449573516845703,1.9285529766082763,46.899147033691406,0.31251102685928345,1.094743651162511,1712.7901670537785,,6000,
1502,1.5019999999999454,0.001,1502,1.9258956909179688,0.0023450246810913086,1.92824071559906,46.90049362182617,0.31257694959640503,1.0946270083522975,1713.3340245290447,,6000,
1503,1.5029999999999453,0.001,1503,1.925583004951477,0.0023450923919677734,1.9279280973434447,46.90184783935547,0.3126358687877655,1.0945102017104202,1713.8398616981428,,6000,
1504,1.5039999999999452,0.001,1504,1.9252705574035645,0.0023451595306396484,1.927615716934204,46.90319061279297,0.3127138614654541,1.0943934538724907,1714.4502849076189,,6000,
1505,1.504999999999945,0.001,1505,1.9249578714370728,0.0023452272415161136,1.9273030986785888,46.904544830322266,0.3128126263618469,1.0942765866599702,1715.1749210862831,,6000,
1506,1.505999999999945,0.001,1506,1.924645185470581,0.0023452945709228515,1.9269904800415039,46.90589141845703,0.3128465712070465,1.0941596891422207,1715.544308449014,,6000,
1507,1.5069999999999448,0.001,1507,1.9243323802947998,0.00234536247253418,1.926677742767334,46.907249450683594,0.312919944524765,1.0940427167299909,1716.1301276794304,,6000,
1508,1.5079999999999447,0.001,1508,1.9240195751190186,0.002345429801940918,1.9263650049209595,46.90859603881836,0.31298747658729553,1.0939257139782663,1716.684081494297,,6000,
1509,1.5089999999999446,0.001,1509,1.9237065315246582,0.002345497703552246,1.9260520292282104,46.90995407104492,0.3130664527416229,1.0938085916678402,1717.30111717769,,6000,
1510,1.5099999999999445,0.001,1510,1.9233936071395874,0.002345565414428711,1.925739172554016,46.91130828857422,0.31316614151000977,1.0936914835788716,1718.0318922402532,,6000,
1511,1.5109999999999444,0.001,1511,1.9230804443359375,0.0023456335067749026,1.9254260778427124,46.91267013549805,0.31321847438812256,1.0935742558505919,1718.5031892205532,,6000,
1512,1.5119999999999443,0.001,1512,1.9227672815322876,0.0023457014083862306,1.925112982940674,46.91402816772461,0.31330984830856323,1.0934569976910367,1719.188860486442,,6000,
1513,1.5129999999999442,0.001,1513,1.9224538803100586,0.0023457693099975586,1.9247996496200561,46.91538619995117,0.3133552074432373,1.0933396197883105,1719.622348473432,,6000,
1514,1.513999999999944,0.001,1514,1.9221405982971191,0.0023458374023437503,1.9244864356994629,46.916748046875,0.3134121298789978,1.0932222560614997,1720.119370830116,,6000,
1515,1.514999999999944,0.001,1515,1.9218271970748901,0.0023459053039550782,1.9241731023788453,46.91810607910156,0.31350234150886536,1.093104817187097,1720.799340994246,,6000,
1516,1.5159999999999438,0.001,1516,1.9215137958526611,0.0023459733963012695,1.9238597692489623,46.91946792602539,0.31359416246414185,1.092987347812652,1721.4883397784479,,6000,
1517,1.5169999999999437,0.001,1517,1.921200156211853,0.0023460416793823244,1.9235461978912354,46.920833587646484,0.3137001693248749,1.0928697585334388,1722.2555581326017,,6000,
1518,1.5179999999999436,0.001,1518,1.920886754989624,0.002346109390258789,1.9232328643798828,46.92218780517578,0.313750684261322,1.0927522281188866,1722.7181579931987,,6000,
1519,1.5189999999999435,0.001,1519,1.920573115348816,0.0023461780548095705,1.9229192934036254,46.923561096191406,0.3138304054737091,1.0926345777419093,1723.3414274090758,,6000,
1520,1.5199999999999434,0.001,1520,1.9202591180801392,0.002346246337890625,1.9226053644180299,46.9249267578125,0.3138771057128906,1.0925167625927665,1723.783742967911,,6000,
1521,1.5209999999999433,0.001,1521,1.9199453592300415,0.002346314811706543,1.922291674041748,46.92629623413086,0.31393787264823914,1.0923990062914304,1724.3033223584978,,6000,
1522,1.5219999999999432,0.001,1522,1.9196314811706543,0.002346383285522461,1.9219778644561767,46.92766571044922,0.3140510320663452,1.0922811746290135,1725.1109294619712,,6000,
1523,1.522999999999943,0.001,1523,1.919317364692688,0.0023464513778686524,1.9216638160705566,46.92902755737305,0.31412947177886963,1.0921632227956688,1725.728161628308,,6000,
1524,1.523999999999943,0.001,1524,1.9190033674240112,0.0023465196609497073,1.921349887084961,46.93039321899414,0.31420281529426575,1.0920452850588196,1726.3175049229328,,6000,
1525,1.5249999999999428,0.001,1525,1.9186891317367554,0.0023465883255004883,1.9210357200622559,46.931766510009766,0.31426626443862915,1.0919272270699207,1726.8527974081117,,6000,
1526,1.5259999999999427,0.001,1526,1.918375015258789,0.0023466567993164064,1.9207216720581055,46.933135986328125,0.31431466341018677,1.0918091831662464,1727.305475662007,,6000,
1527,1.5269999999999426,0.001,1527,1.9180608987808228,0.0023467254638671877,1.92040762424469,46.93450927734375,0.31438377499580383,1.0916911085611933,1727.8721381736789,,6000,
1528,1.5279999999999425,0.001,1528,1.9177464246749878,0.0023467941284179687,1.9200932188034057,46.935882568359375,0.3144201636314392,1.0915728687663746,1728.2593180615233,,6000,
1529,1.5289999999999424,0.001,1529,1.9174320697784424,0.00234686279296875,1.9197789325714112,46.937255859375,0.31451937556266785,1.091454643028189,1728.9919149918064,,6000,
1530,1.5299999999999423,0.001,1530,1.917117714881897,0.0023469314575195314,1.9194646463394165,46.938629150390625,0.3145970106124878,1.091336386525067,1729.606093026177,,6000,
1531,1.5309999999999422,0.001,1531,1.916803002357483,0.0023470005035400392,1.9191500028610229,46.94001007080078,0.31463831663131714,1.0912179646635614,1730.020913255354,,6000,
1532,1.531999999999942,0.001,1532,1.9164884090423584,0.0023470689773559573,1.9188354780197143,46.94137954711914,0.3147164285182953,1.0910995568300506,1730.638198218875,,6000,
1533,1.532999999999942,0.001,1533,1.9161738157272339,0.0023471382141113284,1.9185209539413453,46.94276428222656,0.3147781193256378,1.0909811181679527,1731.1653561203732,,6000,
1534,1.5339999999999419,0.001,1534,1.9158591032028198,0.0023472072601318362,1.9182063104629516,46.94414520263672,0.31486648321151733,1.0908626037739544,1731.8394568969738,,6000,
1535,1.5349999999999417,0.001,1535,1.9155442714691162,0.002347276306152344,1.9178915477752685,46.945526123046875,0.3149850368499756,1.0907440136073268,1732.6798932863367,,6000,
1536,1.5359999999999416,0.001,1536,1.915229320526123,0.002347345542907715,1.9175766660690308,46.9469108581543,0.315057635307312,1.0906253476273156,1733.2678136963987,,6000,
1537,1.5369999999999415,0.001,1537,1.9149143695831299,0.002347414588928223,1.917261784172058,46.94829177856445,0.31517666578292847,1.090506650725908,1734.1113815663255,,6000,
1538,1.5379999999999414,0.001,1538,1.9145992994308472,0.002347483825683594,1.9169467832565308,46.949676513671875,0.31523460149765015,1.090387877952959,1734.6190720101706,,6000,
1539,1.5389999999999413,0.001,1539,1.9142838716506958,0.002347552871704102,1.9166314245223999,46.95105743408203,0.3152931034564972,1.0902689393552616,1735.1302531444107,,6000,
1540,1.5399999999999412,0.001,1540,1.913968801498413,0.002347622108459473,1.9163164236068726,46.95244216918945,0.31538283824920654,1.0901501046291697,1735.8132806297638,,6000,
1541,1.540999999999941,0.001,1541,1.9136533737182617,0.0023476917266845704,1.9160010654449462,46.953834533691406,0.3154647648334503,1.090031103996632,1736.453741604928,,6000,
1542,1.541999999999941,0.001,1542,1.9133379459381104,0.0023477607727050783,1.9156857067108155,46.95521545410156,0.3155260384082794,1.0899120723205422,1736.9806964509894,,6000,
1543,1.5429999999999409,0.001,1543,1.913022518157959,0.002347830581665039,1.915370348739624,46.95661163330078,0.3156188428401947,1.0897930095952093,1737.6814132296238,,6000,
1544,1.5439999999999408,0.001,1544,1.9127070903778076,0.0023479000091552737,1.915054990386963,46.95800018310547,0.31571248173713684,1.0896739158149402,1738.3869274379572,,6000,
1545,1.5449999999999406,0.001,1545,1.9123913049697876,0.002347969436645508,1.914739274406433,46.959388732910156,0.3157736361026764,1.0895546558942366,1738.9139740411258,,6000,
1546,1.5459999999999405,0.001,1546,1.9120755195617676,0.0023480388641357423,1.9144235584259033,46.960777282714844,0.31587275862693787,1.0894353648367245,1739.6502931091,,6000,
1547,1.5469999999999404,0.001,1547,1.9117597341537476,0.002348108673095703,1.9141078428268432,46.96217346191406,0.315896213054657,1.0893160426366946,1739.9700400447352,,6000,
1548,1.5479999999999403,0.001,1548,1.911443829536438,0.002348178291320801,1.9137920078277588,46.963565826416016,0.3159968852996826,1.0891966442265555,1740.7153445137928,,6000,
1549,1.5489999999999402,0.001,1549,1.9111279249191284,0.002348248100280762,1.9134761730194092,46.964962005615234,0.31608882546424866,1.089077214638956,1741.412755030614,,6000,
1550,1.54999999999994,0.001,1550,1.9108120203018188,0.002348317527770996,1.9131603378295898,46.96635055541992,0.3161509335041046,1.0889577538681827,1741.9459977087838,,6000,
1551,1.55099999999994,0.001,1551,1.9104957580566406,0.0023483873367309573,1.9128441453933716,46.96774673461914,0.31621280312538147,1.0888381266169314,1742.4783100195182,,6000,
1552,1.5519999999999399,0.001,1552,1.9101797342300415,0.0023484575271606445,1.9125281917572021,46.96915054321289,0.31627577543258667,1.0887185583183787,1743.016721903422,,6000,
1553,1.5529999999999398,0.001,1553,1.9098634719848633,0.0023485273361206057,1.9122119993209838,46.97054672241211,0.31639066338539124,1.0885988685544286,1743.841588622258,,6000,
1554,1.5539999999999397,0.001,1554,1.9095470905303955,0.0023485973358154297,1.911895687866211,46.971946716308594,0.31646600365638733,1.0884791023811893,1744.4487613813267,,6000,
1555,1.5549999999999395,0.001,1555,1.9092308282852173,0.0023486675262451174,1.9115794958114625,46.973350524902344,0.31652897596359253,1.088359350046264,1744.9878624195446,,6000,
1556,1.5559999999999394,0.001,1556,1.9089140892028809,0.002348737335205078,1.911262826538086,46.97474670410156,0.31657353043556213,1.0882393857985135,1745.4258754103323,,6000,
1557,1.5569999999999393,0.001,1557,1.908597707748413,0.0023488073348999026,1.910946515083313,46.97614669799805,0.3166492283344269,1.0881195256663367,1746.0355459048615,,6000,
1558,1.5579999999999392,0.001,1558,1.9082810878753662,0.002348877716064453,1.9106299655914307,46.97755432128906,0.31673213839530945,1.0879995438513554,1746.6853190441152,,6000,
1559,1.558999999999939,0.001,1559,1.9079644680023193,0.002348948097229004,1.9103134160995483,46.97896194458008,0.31683236360549927,1.0878795306601552,1747.430784435681,,6000,
1560,1.559999999999939,0.001,1560,1.907647728919983,0.0023490182876586916,1.9099967472076416,46.98036575317383,0.3168778717517853,1.0877594408835758,1747.874722159462,,6000,
1561,1.5609999999999389,0.001,1561,1.907330870628357,0.0023490886688232425,1.9096799592971803,46.981773376464844,0.316974937915802,1.0876392744804062,1748.603302692775,,6000,
1562,1.5619999999999388,0.001,1562,1.9070138931274414,0.0023491588592529297,1.9093630519866944,46.983177185058594,0.31702885031700134,1.0875190314094072,1749.094082001326,,6000,
1563,1.5629999999999387,0.001,1563,1.9066969156265259,0.002349229431152344,1.9090461450576781,46.984588623046875,0.31709060072898865,1.0873987568682348,1749.6282687073844,,6000,
1564,1.5639999999999386,0.001,1564,1.9063799381256104,0.002349300003051758,1.908729238128662,46.986000061035156,0.31716638803482056,1.0872784508511295,1750.2400849747758,,6000,
1565,1.5649999999999384,0.001,1565,1.9060628414154053,0.002349370574951172,1.9084122119903564,46.98741149902344,0.3172251880168915,1.0871580680897344,1750.7584076028268,,6000,
1566,1.5659999999999383,0.001,1566,1.9057456254959106,0.0023494409561157226,1.9080950664520264,46.98881912231445,0.317286878824234,1.0870376085427491,1751.2929249039296,,6000,
1567,1.5669999999999382,0.001,1567,1.905428409576416,0.0023495115280151367,1.9077779211044312,46.990230560302734,0.31736090779304504,1.0869171174551566,1751.8957206383598,,6000,
1568,1.567999999999938,0.001,1568,1.9051109552383423,0.0023495826721191405,1.9074605379104614,46.99165344238281,0.3174426853656769,1.0867965042248546,1752.5416255847601,,6000,
1569,1.568999999999938,0.001,1569,1.904793620109558,0.0023496530532836914,1.9071432731628417,46.99306106567383,0.3175259232521057,1.0866759047049925,1753.1957148068357,,6000,
1570,1.569999999999938,0.001,1570,1.904476284980774,0.0023497241973876952,1.9068260091781617,46.994483947753906,0.317575067281723,1.086555273603488,1753.6617326158098,,6000,
1571,1.5709999999999378,0.001,1571,1.9041587114334106,0.0023497949600219726,1.9065085063934326,46.99589920043945,0.3176431953907013,1.0864345202470276,1754.2328937696714,,6000,
1572,1.5719999999999377,0.001,1572,1.9038411378860474,0.00234986572265625,1.9061910036087035,46.997314453125,0.3177241384983063,1.0863137352498846,1754.875013663821,,6000,
1573,1.5729999999999376,0.001,1573,1.9035234451293945,0.0023499364852905273,1.9058733816146851,46.99872970581055,0.3177987337112427,1.0861928732487387,1755.4823358068559,,6000,
1574,1.5739999999999374,0.001,1574,1.9032055139541626,0.0023500072479248047,1.9055555212020874,47.000144958496094,0.31785839796066284,1.0860718888327137,1756.007505003873,,6000,
1575,1.5749999999999373,0.001,1575,1.9028880596160889,0.002350078582763672,1.9052381381988526,47.00157165527344,0.31788966059684753,1.0859510542125963,1756.3756268592251,,6000,
1576,1.5759999999999372,0.001,1576,1.9025700092315674,0.002350149726867676,1.904920158958435,47.002994537353516,0.3179706633090973,1.0858299609863864,1757.0190991244006,,6000,
1577,1.5769999999999371,0.001,1577,1.9022523164749146,0.0023502206802368166,1.9046025371551514,47.00441360473633,0.3180423974990845,1.085708972210747,1757.6113247999351,,6000,
1578,1.577999999999937,0.001,1578,1.901934266090393,0.002350292205810547,1.9042845582962036,47.00584411621094,0.3180977702140808,1.0855878154848846,1758.1135252812346,,6000,
1579,1.578999999999937,0.001,1579,1.901616096496582,0.0023503631591796875,1.9039664596557617,47.00726318359375,0.3181661069393158,1.085466581553696,1758.6876225184465,,6000,
1580,1.5799999999999368,0.001,1580,1.9012980461120605,0.002350434494018555,1.9036484806060792,47.008689880371094,0.3182290196418762,1.0853453612573325,1759.2318408578426,,6000,
1581,1.5809999999999367,0.001,1581,1.9009798765182495,0.002350505638122559,1.903330382156372,47.01011276245117,0.318308025598526,1.0852240637201997,1759.8652826072669,,6000,
1582,1.5819999999999366,0.001,1582,1.9006614685058594,0.002350576972961426,1.9030120454788209,47.011539459228516,0.3183620274066925,1.0851026434360271,1760.360806413214,,6000,
1583,1.5829999999999365,0.001,1583,1.900343418121338,0.002350648498535156,1.902694066619873,47.012969970703125,0.318400502204895,1.0849813277105727,1760.770406307845,,6000,
1584,1.5839999999999363,0.001,1584,1.9000248908996582,0.00235072021484375,1.902375611114502,47.014404296875,0.31846368312835693,1.0848597982254908,1761.317086222215,,6000,
1585,1.5849999999999362,0.001,1585,1.8997066020965576,0.0023507911682128907,1.9020573932647704,47.01582336425781,0.3185330331325531,1.0847383278347271,1761.8979156109551,,6000,
1586,1.5859999999999361,0.001,1586,1.899388074874878,0.002350863075256348,1.9017389379501344,47.01726150512695,0.31860628724098206,1.0846167345543463,1762.5006719367623,,6000,
1587,1.586999999999936,0.001,1587,1.8990693092346191,0.0023509349822998047,1.901420244216919,47.018699645996094,0.3186831474304199,1.0844950183068582,1763.1237140837566,,6000,
1588,1.587999999999936,0.001,1588,1.8987510204315186,0.002351006317138672,1.9011020267486571,47.02012634277344,0.318766713142395,1.0843734522327833,1763.7837544954862,,6000,
1589,1.5889999999999358,0.001,1589,1.8984321355819702,0.002351078414916992,1.9007832139968872,47.021568298339844,0.31882908940315247,1.0842516265350775,1764.3271078431965,,6000,
1590,1.5899999999999357,0.001,1590,1.8981132507324219,0.002351150131225586,1.9004644008636475,47.02300262451172,0.3189593255519867,1.0841297688298193,1765.2461986885364,,6000,
1591,1.5909999999999356,0.001,1591,1.897794485092163,0.0023512218475341797,1.9001457069396972,47.024436950683594,0.31906893849372864,1.0840079246834011,1766.051324321731,,6000,
1592,1.5919999999999355,0.001,1592,1.8974754810333252,0.0023512935638427736,1.899826774597168,47.02587127685547,0.31911394000053406,1.083885957373287,1766.4991662437353,,6000,
1593,1.5929999999999354,0.001,1593,1.8971563577651978,0.0023513654708862304,1.899507723236084,47.02730941772461,0.3191736042499542,1.0837639124179697,1767.028412329309,,6000,
1594,1.5939999999999352,0.001,1594,1.8968372344970703,0.002351437568664551,1.899188672065735,47.028751373291016,0.31921759247779846,1.0836418353838262,1767.4710336265202,,6000,
1595,1.5949999999999351,0.001,1595,1.8965182304382324,0.0023515096664428713,1.8988697401046752,47.03019332885742,0.3192799687385559,1.0835197718851621,1768.0155564658867,,6000,
1596,1.595999999999935,0.001,1596,1.8961988687515259,0.0023515817642211917,1.8985504505157471,47.03163528442383,0.319348007440567,1.083397539423514,1768.591837178226,,6000,
1597,1.596999999999935,0.001,1597,1.8958795070648193,0.0023516538619995117,1.8982311609268188,47.033077239990234,0.31942176818847656,1.083275274817515,1769.1999934676917,,6000,
1598,1.5979999999999348,0.001,1598,1.8955602645874023,0.002351725959777832,1.8979119905471802,47.03451919555664,0.31946688890457153,1.0831530237174558,1769.649616864693,,6000,
1599,1.5989999999999347,0.001,1599,1.8952409029006958,0.0023517978668212893,1.897592700767517,47.03595733642578,0.31952980160713196,1.0830306948171806,1770.198036692227,,6000,
1600,1.5999999999999346,0.001,1600,1.8949214220046997,0.0023518705368041994,1.897273292541504,47.037410736083984,0.3195895850658417,1.0829082880748195,1770.7293697086977,,6000,1.9579130859375
1601,1.6009999999999345,0.001,1601,1.8946019411087036,0.0023519430160522463,1.896953884124756,47.03886032104492,0.31967565417289734,1.0827858491406548,1771.4065311803195,,6000,
1602,1.6019999999999344,0.001,1602,1.8942822217941284,0.0023520151138305663,1.896634236907959,47.04030227661133,0.31973737478256226,1.0826632866004322,1771.9491114538803,,6000,
1603,1.6029999999999343,0.001,1603,1.8939626216888428,0.0023520877838134765,1.8963147094726562,47.04175567626953,0.3198460042476654,1.0825407375248184,1772.7517856500024,,6000,
1604,1.6039999999999341,0.001,1604,1.893642783164978,0.00235216007232666,1.8959949432373047,47.0432014465332,0.3199140429496765,1.0824180647592672,1773.3298437928026,,6000,
1605,1.604999999999934,0.001,1605,1.8933229446411133,0.0023522327423095703,1.8956751773834228,47.044654846191406,0.31997019052505493,1.0822953597062908,1773.8421641864227,,6000,
1606,1.605999999999934,0.001,1606,1.893002986907959,0.0023523054122924804,1.8953552923202515,47.04610824584961,0.3200332522392273,1.0821725766076802,1774.3930634933224,,6000,
1607,1.6069999999999338,0.001,1607,1.8926829099655151,0.002352377700805664,1.8950352876663208,47.04755401611328,0.3200955092906952,1.0820497154214261,1774.9397540353912,,6000,
1608,1.6079999999999337,0.001,1608,1.8923629522323608,0.002352450370788574,1.8947154026031494,47.049007415771484,0.3201541006565094,1.081926867658356,1775.46621806016,,6000,
1609,1.6089999999999336,0.001,1609,1.8920427560806274,0.002352523231506348,1.8943952793121337,47.05046463012695,0.3202124238014221,1.0818038959832936,1775.9915174480043,,6000,
1610,1.6099999999999335,0.001,1610,1.8917226791381836,0.0023525960922241213,1.8940752752304078,47.05192184448242,0.32031920552253723,1.081680937719639,1776.7857101992906,,6000,
1611,1.6109999999999334,0.001,1611,1.8914023637771606,0.0023526687622070315,1.8937550325393677,47.053375244140625,0.32037749886512756,1.0815578554598737,1777.3112954493097,,6000,
1612,1.6119999999999333,0.001,1612,1.8910820484161377,0.002352741622924805,1.8934347900390625,47.054832458496094,0.32044878602027893,1.0814347407750584,1777.9091457184834,,6000,
1613,1.6129999999999332,0.001,1613,1.8907617330551147,0.0023528146743774414,1.8931145477294922,47.05629348754883,0.32051408290863037,1.0813115936592952,1778.4739465742905,,6000,
1614,1.613999999999933,0.001,1614,1.8904412984848022,0.0023528877258300785,1.8927941862106323,47.05775451660156,0.32058098912239075,1.081188368257867,1779.0479357761524,,6000,
1615,1.614999999999933,0.001,1615,1.8901207447052002,0.002352960586547852,1.892473705291748,47.05921173095703,0.32068103551864624,1.0810650645286386,1779.806115509624,,6000,
1616,1.6159999999999328,0.001,1616,1.8898000717163086,0.0023530336380004884,1.892153105354309,47.060672760009766,0.3207572400569916,1.0809416824294513,1780.4322579331717,,6000,
1617,1.6169999999999327,0.001,1617,1.8894792795181274,0.0023531063079833985,1.8918323858261108,47.06212615966797,0.3208238184452057,1.0808182219181177,1781.0052344001533,,6000,
1618,1.6179999999999326,0.001,1618,1.8891587257385254,0.0023531799316406253,1.891511905670166,47.0635986328125,0.32090887427330017,1.0806948206440024,1781.680830571941,,6000,
1619,1.6189999999999325,0.001,1619,1.8888376951217651,0.002353253173828125,1.8911909482955933,47.0650634765625,0.3209756016731262,1.080571203218049,1782.255166807493,,6000,
1620,1.6199999999999324,0.001,1620,1.8885167837142944,0.0023533262252807617,1.8908701099395753,47.066524505615234,0.32102036476135254,1.0804475990960758,1782.707639111372,,6000,
1621,1.6209999999999323,0.001,1621,1.8881959915161133,0.002353399658203125,1.8905493911743163,47.0679931640625,0.3210943341255188,1.080324008308485,1783.3224013688534,,6000,
1622,1.6219999999999322,0.001,1622,1.8878748416900635,0.0023534730911254883,1.890228314781189,47.069461822509766,0.32117506861686707,1.0802002471031866,1783.9751628173067,,6000,
1623,1.622999999999932,0.001,1623,1.8875536918640137,0.0023535465240478518,1.8899072383880615,47.07093048095703,0.32124239206314087,1.080076453238439,1784.553627291547,,6000,
1624,1.623999999999932,0.001,1624,1.8872325420379639,0.0023536203384399417,1.8895861623764039,47.07240676879883,0.3213178813457489,1.0799526267083084,1785.177646125782,,6000,
1625,1.6249999999999318,0.001,1625,1.8869112730026245,0.0023536933898925783,1.8892649663925172,47.07386779785156,0.32137441635131836,1.07982872152485,1785.6966199093042,,6000,
1626,1.6259999999999317,0.001,1626,1.8865900039672852,0.0023537670135498046,1.888943770980835,47.075340270996094,0.32140716910362244,1.0797047836398803,1786.0836071510253,,6000,
1627,1.6269999999999316,0.001,1627,1.8862684965133667,0.0023538406372070313,1.8886223371505737,47.076812744140625,0.3214597702026367,1.0795807210348758,1786.5812010489874,,6000,
1628,1.6279999999999315,0.001,1628,1.8859472274780273,0.0023539146423339845,1.8883011421203613,47.07829284667969,0.32155126333236694,1.0794567177047951,1787.2949867748378,,6000,
1629,1.6289999999999314,0.001,1629,1.8856256008148193,0.0023539882659912113,1.8879795890808106,47.07976531982422,0.3216227889060974,1.0793325435636336,1787.8982200102762,,6000,
1630,1.6299999999999313,0.001,1630,1.8853042125701904,0.0023540618896484376,1.887658274459839,47.08123779296875,0.32167792320251465,1.0792084287098027,1788.4103643653805,,6000,
1631,1.6309999999999312,0.001,1631,1.8849825859069824,0.0023541358947753908,1.8873367218017578,47.08271789550781,0.3217143416404724,1.0790841889906864,1788.818768300473,,6000,
1632,1.631999999999931,0.001,1632,1.8846609592437744,0.0023542097091674807,1.887015168952942,47.08419418334961,0.3217858672142029,1.0789599164615105,1789.422548352927,,6000,
1633,1.632999999999931,0.001,1633,1.8843392133712769,0.0023542835235595702,1.8866934968948363,47.085670471191406,0.3218550980091095,1.0788355650370942,1790.0138358789254,,6000,
1634,1.6339999999999308,0.001,1634,1.8840172290802002,0.00235435733795166,1.8863715864181518,47.0871467590332,0.321959912776947,1.078711088583567,1790.8033922208358,,6000,
1635,1.6349999999999307,0.001,1635,1.8836954832077026,0.0023544315338134766,1.8860499147415162,47.08863067626953,0.3220266103744507,1.0785866714362558,1791.3809927521381,,6000,
1636,1.6359999999999306,0.001,1636,1.883373498916626,0.00235450553894043,1.8857280044555664,47.090110778808594,0.3221037983894348,1.078462129199206,1792.0172976047343,,6000,
1637,1.6369999999999305,0.001,1637,1.8830513954162598,0.0023545801162719727,1.8854059755325316,47.09160232543945,0.32216304540634155,1.0783375079213078,1792.5540549583752,,6000,
1638,1.6379999999999304,0.001,1638,1.8827295303344727,0.0023546539306640627,1.8850841842651367,47.09307861328125,0.32224589586257935,1.0782129459804703,1793.2221852681196,,6000,
1639,1.6389999999999303,0.001,1639,1.8824071884155273,0.0023547283172607424,1.884761916732788,47.094566345214844,0.3223215341567993,1.0780881665298294,1793.8506932747105,,6000,
1640,1.6399999999999302,0.001,1640,1.8820849657058716,0.002354802703857422,1.884439768409729,47.09605407714844,0.3223847448825836,1.0779634002397604,1794.4101523903994,,6000,
1641,1.64099999999993,0.001,1641,1.8817625045776367,0.0023548768997192385,1.884117381477356,47.097537994384766,0.32245051860809326,1.0778385086106217,1794.984217201955,,6000,
1642,1.64199999999993,0.001,1642,1.8814401626586914,0.002354951095581055,1.8837951137542726,47.099021911621094,0.3225274384021759,1.0777136301300934,1795.620447130707,,6000,
1643,1.6429999999999298,0.001,1643,1.881117820739746,0.002355025100708008,1.8834728458404542,47.100502014160156,0.32257354259490967,1.0775887186276423,1796.0852986975676,,6000,
1644,1.6439999999999297,0.001,1644,1.8807952404022217,0.0023551002502441407,1.883150340652466,47.10200500488281,0.3226434290409088,1.077463681670472,1796.6829018720562,,6000,
1645,1.6449999999999296,0.001,1645,1.8804726600646973,0.0023551746368408203,1.8828278347015381,47.103492736816406,0.32273414731025696,1.0773386116305343,1797.3967172037255,,6000,
1646,1.6459999999999295,0.001,1646,1.8801500797271729,0.0023552490234375,1.8825053287506104,47.10498046875,0.3228057026863098,1.0772135085018406,1798.0040176172274,,6000,
1647,1.6469999999999294,0.001,1647,1.8798271417617798,0.002355323600769043,1.8821824653625487,47.10647201538086,0.3228854537010193,1.0770882335280791,1798.6574004808408,,6000,
1648,1.6479999999999293,0.001,1648,1.8795042037963867,0.0023553979873657226,1.8818596017837523,47.10795974731445,0.3229559063911438,1.0769629253801443,1799.259187741198,,6000,
1649,1.6489999999999292,0.001,1649,1.8791815042495728,0.0023554731369018556,1.8815369773864745,47.10946273803711,0.32302021980285645,1.0768376766012424,1799.8268085625623,,6000,
1650,1.649999999999929,0.001,1650,1.8788584470748901,0.0023555479049682617,1.8812139949798583,47.110958099365234,0.3230588436126709,1.0767122558245914,1800.2516932358621,,6000,
1651,1.650999999999929,0.001,1651,1.878535509109497,0.0023556226730346683,1.8808911317825316,47.11245346069336,0.3231368660926819,1.0765868481303584,1800.8962304556494,,6000,
1652,1.6519999999999289,0.001,1652,1.878212571144104,0.0023556974411010744,1.880568268585205,47.113948822021484,0.3232311010360718,1.076461407237937,1801.6313387329415,,6000,
1653,1.6529999999999287,0.001,1653,1.8778891563415527,0.0023557720184326173,1.8802449283599854,47.115440368652344,0.3232611119747162,1.0763357478467883,1802.0089695324195,,6000,
1654,1.6539999999999286,0.001,1654,1.8775660991668701,0.002355847549438477,1.8799219467163086,47.11695098876953,0.32334890961647034,1.0762101941550393,1802.7086792483321,,6000,
1655,1.6549999999999285,0.001,1655,1.8772426843643188,0.002355922317504883,1.8795986066818238,47.118446350097656,0.32339298725128174,1.0760844681780153,1803.1650682525226,,6000,
1656,1.6559999999999284,0.001,1656,1.8769192695617676,0.0023559972763061523,1.8792752668380737,47.11994552612305,0.3234621584415436,1.0759587088806017,1803.7615520286918,,6000,
1657,1.6569999999999283,0.001,1657,1.8765959739685059,0.002356072807312012,1.8789520467758178,47.121456146240234,0.3235629200935364,1.0758329626295295,1804.5343357170818,,6000,
1658,1.6579999999999282,0.001,1658,1.876272439956665,0.002356147575378418,1.8786285875320434,47.12295150756836,0.32363444566726685,1.075707090300512,1805.1444408171872,,6000,
1659,1.658999999999928,0.001,1659,1.8759489059448242,0.002356222724914551,1.8783051286697388,47.124454498291016,0.3237207233905792,1.0755811846084558,1805.8370378155512,,6000,
1660,1.659999999999928,0.001,1660,1.8756251335144043,0.002356298065185547,1.8779814315795897,47.12596130371094,0.323787122964859,1.0754551527280558,1806.4191080968294,,6000,
1661,1.6609999999999279,0.001,1661,1.8753015995025635,0.002356373405456543,1.87765797290802,47.12746810913086,0.3238660395145416,1.0753291802672453,1807.0710557713298,,6000,
1662,1.6619999999999278,0.001,1662,1.874977707862854,0.0023564487457275393,1.8773341566085815,47.12897491455078,0.3239167034626007,1.0752030351225657,1807.5657873808539,,6000,
1663,1.6629999999999276,0.001,1663,1.874653935432434,0.0023565246582031253,1.8770104600906372,47.1304931640625,0.32400017976760864,1.0750769029634537,1808.2437388869625,,6000,
1664,1.6639999999999275,0.001,1664,1.874329924583435,0.0023565994262695314,1.8766865240097046,47.131988525390625,0.32405176758766174,1.0749506444441554,1808.744071716289,,6000,
1665,1.6649999999999274,0.001,1665,1.874005913734436,0.002356675148010254,1.8763625888824462,47.13350296020508,0.3241155743598938,1.0748243524271264,1809.3127884271807,,6000,
1666,1.6659999999999273,0.001,1666,1.8736820220947266,0.00235675106048584,1.8760387731552124,47.1350212097168,0.32416728138923645,1.0746980733898623,1809.8140645217668,,6000,
1667,1.6669999999999272,0.001,1667,1.8733577728271484,0.0023568262100219727,1.8757145990371704,47.13652420043945,0.32422512769699097,1.0745716213798135,1810.350029236767,,6000,
1668,1.667999999999927,0.001,1668,1.8730336427688599,0.0023569019317626954,1.8753905447006225,47.138038635253906,0.3242981731891632,1.0744451823127703,1810.9709747561242,,6000,
1669,1.668999999999927,0.001,1669,1.8727092742919922,0.002356977462768555,1.8750662517547607,47.139549255371094,0.32437431812286377,1.0743186166580214,1811.609590078168,,6000,
1670,1.6699999999999269,0.001,1670,1.8723851442337036,0.002357053375244141,1.8747421976089478,47.14106750488281,0.32442596554756165,1.074192110467074,1812.1114224521532,,6000,
1671,1.6709999999999268,0.001,1671,1.8720606565475464,0.002357129096984863,1.8744177856445312,47.142581939697266,0.32451939582824707,1.074065431081673,1812.8470748831144,,6000,
1672,1.6719999999999267,0.001,1672,1.8717362880706787,0.002357205390930176,1.874093493461609,47.144107818603516,0.32459667325019836,1.0739387646150425,1813.4926344699998,,6000,
1673,1.6729999999999265,0.001,1673,1.8714118003845215,0.0023572814941406253,1.873769081878662,47.1456298828125,0.32463979721069336,1.0738120179582407,1813.9476469706538,,6000,
1674,1.6739999999999264,0.001,1674,1.8710870742797852,0.002357357215881348,1.8734444314956664,47.14714431762695,0.32471057772636414,1.0736851444857693,1814.5575324051688,,6000,
1675,1.6749999999999263,0.001,1675,1.8707623481750488,0.0023574329376220703,1.873119781112671,47.148658752441406,0.3247365355491638,1.0735582373067776,1814.9171098374304,,6000,
1676,1.6759999999999262,0.001,1676,1.8704378604888916,0.0023575090408325195,1.8727953695297241,47.15018081665039,0.32482218742370605,1.073431389629388,1815.6103346438595,,6000,
1677,1.676999999999926,0.001,1677,1.8701130151748657,0.0023575853347778323,1.8724706005096436,47.15170669555664,0.32486048340797424,1.0733043684244135,1816.0392874475788,,6000,
1678,1.677999999999926,0.001,1678,1.8697882890701294,0.002357661247253418,1.8721459503173827,47.15322494506836,0.3249008059501648,1.0731773601017955,1816.479650219307,,6000,
1679,1.6789999999999259,0.001,1679,1.869463324546814,0.0023577375411987307,1.8718210620880127,47.15475082397461,0.3249559998512268,1.0730502247598683,1817.0034860611308,,6000,
1680,1.6799999999999258,0.001,1680,1.8691383600234985,0.00235781364440918,1.8714961736679077,47.156272888183594,0.3250170946121216,1.0729230556314964,1817.5605020668947,,6000,
1681,1.6809999999999257,0.001,1681,1.8688135147094727,0.0023578899383544924,1.8711714046478272,47.157798767089844,0.3250627815723419,1.0727958993796403,1818.0314545962424,,6000,
1682,1.6819999999999256,0.001,1682,1.8684885501861572,0.0023579666137695313,1.8708465167999269,47.159332275390625,0.32513171434402466,1.0726686626725312,1818.6326812268342,,6000,
1683,1.6829999999999254,0.001,1683,1.8681634664535522,0.0023580429077148437,1.870521509361267,47.160858154296875,0.3251805305480957,1.0725413454668902,1819.1216511464593,,6000,
1684,1.6839999999999253,0.001,1684,1.8678383827209473,0.002358119010925293,1.8701965017318725,47.16238021850586,0.3252570331096649,1.0724139944256703,1819.7656957126292,,6000,
1685,1.6849999999999252,0.001,1685,1.8675131797790527,0.0023581956863403322,1.869871375465393,47.16391372680664,0.3253246545791626,1.0722865628241176,1820.3603357054703,,6000,
1686,1.6859999999999251,0.001,1686,1.8671879768371582,0.0023582717895507814,1.869546248626709,47.165435791015625,0.3254290223121643,1.0721590973499882,1821.1608134455823,,6000,
1687,1.686999999999925,0.001,1687,1.8668626546859741,0.0023583490371704104,1.8692210037231445,47.1669807434082,0.3254759907722473,1.072031551253681,1821.6403634293486,,6000,
1688,1.687999999999925,0.001,1688,1.866537094116211,0.0023584259033203126,1.8688955200195312,47.16851806640625,0.3255651295185089,1.0719038777358807,1822.3562930260925,,6000,
1689,1.6889999999999248,0.001,1689,1.8662115335464478,0.0023585020065307618,1.8685700355529786,47.170040130615234,0.3256055414676666,1.0717761702526512,1822.7996693987582,,6000,
1690,1.6899999999999247,0.001,1690,1.8658860921859741,0.0023585788726806643,1.8682446710586549,47.17157745361328,0.32567501068115234,1.0716484755787135,1823.4058169416837,,6000,
1691,1.6909999999999246,0.001,1691,1.865560531616211,0.0023586559295654297,1.8679191875457763,47.173118591308594,0.3257245421409607,1.0715207001587541,1823.900604585812,,6000,
1692,1.6919999999999245,0.001,1692,1.8652347326278687,0.0023587327957153323,1.867593465423584,47.17465591430664,0.32582151889801025,1.0713927971436243,1824.6614300562594,,6000,
1693,1.6929999999999243,0.001,1693,1.8649091720581055,0.002358809471130371,1.867267981529236,47.17618942260742,0.32593056559562683,1.0712649537251928,1825.4899376419055,,6000,
1694,1.6939999999999242,0.001,1694,1.8645833730697632,0.00235888671875,1.8669422597885132,47.177734375,0.32593581080436707,1.0711369826495742,1825.7374140782401,,6000,
1695,1.6949999999999241,0.001,1695,1.8642573356628418,0.0023589635848999023,1.8666162992477418,47.17927169799805,0.3259981870651245,1.071008883835906,1826.3052266991585,,6000,
1696,1.695999999999924,0.001,1696,1.8639312982559204,0.002359040451049805,1.8662903387069703,47.180809020996094,0.3260778486728668,1.0708807509143896,1826.9700808111813,,6000,
1697,1.696999999999924,0.001,1697,1.8636054992675781,0.0023591176986694335,1.8659646169662476,47.18235397338867,0.3261290490627289,1.0707526776149767,1827.4755088494805,,6000,
1698,1.6979999999999238,0.001,1698,1.8632793426513672,0.0023591949462890625,1.8656385375976563,47.18389892578125,0.3261992931365967,1.070624429603837,1828.0880808443733,,6000,
1699,1.6989999999999237,0.001,1699,1.8629530668258667,0.0023592721939086916,1.8653123390197754,47.18544387817383,0.3262674808502197,1.0704961005485272,1828.689412411902,,6000,
1700,1.6999999999999236,0.001,1700,1.8626269102096558,0.0023593490600585937,1.8649862592697144,47.186981201171875,0.32636359333992004,1.0703677842164339,1829.4474001504195,,6000,1.92912451171875
1701,1.7009999999999235,0.001,1701,1.8623006343841553,0.002359426498413086,1.8646600608825683,47.18852996826172,0.32642972469329834,1.070239386802939,1830.0376273858992,,6000,
1702,1.7019999999999234,0.001,1702,1.8619742393493652,0.0023595035552978517,1.8643337429046631,47.19007110595703,0.32650434970855713,1.0701109082644351,1830.675758112399,,6000,
1703,1.7029999999999232,0.001,1703,1.8616478443145752,0.002359580993652344,1.8640074253082275,47.191619873046875,0.3265867233276367,1.0699823955002719,1831.357551494708,,6000,
1704,1.7039999999999231,0.001,1704,1.8613213300704956,0.002359659004211426,1.863680989074707,47.193180084228516,0.32666218280792236,1.0698538015488293,1832.0008715303695,,6000,
1705,1.704999999999923,0.001,1705,1.860994815826416,0.0023597360610961913,1.8633545518875123,47.19472122192383,0.3267258107662201,1.0697251733344433,1832.5780429067524,,6000,
1706,1.705999999999923,0.001,1706,1.8606679439544678,0.002359813690185547,1.8630277576446532,47.19627380371094,0.3267557621002197,1.0695963699094215,1832.9667412459016,,6000,
1707,1.7069999999999228,0.001,1707,1.8603414297103882,0.002359890937805176,1.8627013206481933,47.197818756103516,0.326799601316452,1.0694676731131905,1833.4332651597456,,6000,
1708,1.7079999999999227,0.001,1708,1.8600146770477295,0.002359968948364258,1.8623746459960937,47.199378967285156,0.3268481194972992,1.0693388480244745,1833.9263747938865,,6000,
1709,1.7089999999999226,0.001,1709,1.8596878051757812,0.0023600465774536133,1.8620478517532348,47.200931549072266,0.32689934968948364,1.06920994158007,1834.434961611343,,6000,
1710,1.7099999999999225,0.001,1710,1.8593610525131226,0.002360124206542969,1.8617211767196655,47.202484130859375,0.32697442173957825,1.0690810477974926,1835.0774569236273,,6000,
1711,1.7109999999999224,0.001,1711,1.8590341806411743,0.002360202217102051,1.8613943828582764,47.204044342041016,0.32703542709350586,1.0689520726218635,1835.64129095913,,6000,
1712,1.7119999999999223,0.001,1712,1.8587071895599365,0.0023602800369262695,1.8610674695968628,47.20560073852539,0.3270864486694336,1.0688230160094199,1836.1493555255786,,6000,
1713,1.7129999999999221,0.001,1713,1.8583801984786987,0.0023603580474853515,1.860740556526184,47.20716094970703,0.3271425664424896,1.0686939249846317,1836.6862136726047,,6000,
1714,1.713999999999922,0.001,1714,1.8580530881881714,0.0023604358673095702,1.8604135240554809,47.208717346191406,0.3272302448749542,1.0685647524605355,1837.4005550236764,,6000,
1715,1.714999999999922,0.001,1715,1.8577258586883545,0.0023605138778686526,1.8600863725662231,47.21027755737305,0.3272840678691864,1.0684354983933093,1837.925087820552,,6000,
1716,1.7159999999999218,0.001,1716,1.8573986291885376,0.0023605916976928713,1.8597592208862306,47.21183395385742,0.3273277282714844,1.068306209845045,1838.3927300336243,,6000,
1717,1.7169999999999217,0.001,1717,1.8570712804794312,0.0023606697082519533,1.859431950187683,47.21339416503906,0.3274250030517578,1.0681768396910754,1839.161780439566,,6000,
1718,1.7179999999999216,0.001,1718,1.8567439317703247,0.0023607479095458985,1.8591046796798707,47.21495819091797,0.32750314474105835,1.0680474350186004,1839.823592116139,,6000,
1719,1.7189999999999215,0.001,1719,1.8564167022705078,0.0023608261108398437,1.8587775283813477,47.216522216796875,0.32758232951164246,1.0679180429650998,1840.491402891381,,6000,
1720,1.7199999999999214,0.001,1720,1.8560889959335327,0.002360904693603516,1.8584499006271362,47.21809387207031,0.32762953639030457,1.067788427781003,1840.980073577831,,6000,
1721,1.7209999999999213,0.001,1721,1.8557614088058472,0.002360982894897461,1.8581223917007446,47.21965789794922,0.32769885659217834,1.067658825153216,1841.593113109807,,6000,
1722,1.7219999999999211,0.001,1722,1.8554339408874512,0.002361060905456543,1.8577950017929077,47.22121810913086,0.32775256037712097,1.067529235113322,1842.1185084022295,,6000,
1723,1.722999999999921,0.001,1723,1.8551061153411865,0.002361139488220215,1.8574672548294067,47.2227897644043,0.3278157114982605,1.0673994689169097,1842.697440148973,,6000,
1724,1.723999999999921,0.001,1724,1.8547782897949219,0.0023612178802490235,1.8571395076751709,47.22435760498047,0.32788631319999695,1.0672696680642366,1843.31845836883,,6000,
1725,1.7249999999999208,0.001,1725,1.8544507026672363,0.0023612960815429687,1.8568119987487792,47.225921630859375,0.3279467225074768,1.0671399269875415,1843.8822175827304,,6000,
1726,1.7259999999999207,0.001,1726,1.8541227579116821,0.002361374855041504,1.8564841327667236,47.22749710083008,0.32800838351249695,1.0670100095971826,1844.4534572060477,,6000,
1727,1.7269999999999206,0.001,1727,1.853794813156128,0.0023614536285400394,1.856156266784668,47.22907257080078,0.3280814588069916,1.0668800575067845,1845.0890884980588,,6000,
1728,1.7279999999999205,0.001,1728,1.8534667491912842,0.0023615316390991213,1.8558282808303832,47.23063278198242,0.3281286656856537,1.066750023453102,1845.5795180026787,,6000,
1729,1.7289999999999204,0.001,1729,1.8531386852264404,0.0023616104125976562,1.855500295639038,47.232208251953125,0.32818102836608887,1.0666199546617583,1846.0991298638894,,6000,
1730,1.7299999999999203,0.001,1730,1.8528105020523071,0.0023616891860961916,1.8551721912384034,47.23378372192383,0.3282204866409302,1.06648980384425,1846.546411177111,,6000,
1731,1.7309999999999202,0.001,1731,1.8524824380874634,0.0023617683410644534,1.8548442064285278,47.23536682128906,0.32827338576316833,1.0663596655463752,1847.069406521314,,6000,
1732,1.73199999999992,0.001,1732,1.85215425491333,0.002361846923828125,1.854516101837158,47.2369384765625,0.3283231854438782,1.0662294451846859,1847.5752302282817,,6000,
1733,1.73299999999992,0.001,1733,1.8518258333206177,0.0023619258880615236,1.8541877592086793,47.23851776123047,0.3283829987049103,1.0660990953948613,1848.1377582444188,,6000,
1734,1.7339999999999198,0.001,1734,1.8514975309371948,0.002362004661560059,1.8538595355987548,47.24009323120117,0.3284272849559784,1.0659687580934314,1848.613005563482,,6000,
1735,1.7349999999999197,0.001,1735,1.851169228553772,0.002362083435058594,1.8535313119888306,47.241668701171875,0.328490287065506,1.0658383859666178,1849.193788048431,,6000,
1736,1.7359999999999196,0.001,1736,1.8508408069610596,0.0023621623992919924,1.8532029693603516,47.243247985839844,0.3285488188266754,1.0657079316500584,1849.7496869595946,,6000,
1737,1.7369999999999195,0.001,1737,1.8505123853683472,0.0023622417449951174,1.8528746271133423,47.244834899902344,0.3286399841308594,1.065577442470412,1850.4895338378078,,6000,
1738,1.7379999999999194,0.001,1738,1.8501837253570557,0.0023623210906982424,1.852546046447754,47.246421813964844,0.32872575521469116,1.0654468236545078,1851.199409955463,,6000,
1739,1.7389999999999193,0.001,1739,1.8498551845550537,0.0023624000549316406,1.8522175846099853,47.24800109863281,0.328795850276947,1.065316217308609,1851.821149072204,,6000,
1740,1.7399999999999192,0.001,1740,1.8495264053344727,0.0023624794006347656,1.8518888847351074,47.24958801269531,0.3288407623767853,1.0651854812380346,1852.3014151183309,,6000,
1741,1.740999999999919,0.001,1741,1.8491976261138916,0.002362558364868164,1.8515601844787597,47.25116729736328,0.3289065957069397,1.0650547102035335,1852.8997199256657,,6000,
1742,1.741999999999919,0.001,1742,1.8488688468933105,0.0023626379013061524,1.8512314847946167,47.25275802612305,0.328954815864563,1.064923904198888,1853.3989963087156,,6000,
1743,1.7429999999999188,0.001,1743,1.8485398292541504,0.002362717628479004,1.8509025468826295,47.25435256958008,0.3289896547794342,1.0647929683241302,1853.823219534753,,6000,
1744,1.7439999999999187,0.001,1744,1.8482109308242798,0.0023627964019775393,1.8505737272262572,47.25592803955078,0.32905226945877075,1.0646620448756106,1854.404058316264,,6000,
1745,1.7449999999999186,0.001,1745,1.8478820323944092,0.0023628761291503908,1.8502449085235595,47.25752258300781,0.32913458347320557,1.064531086412918,1855.0961320383938,,6000,
1746,1.7459999999999185,0.001,1746,1.84755277633667,0.002362955474853516,1.8499157318115234,47.25910949707031,0.32915928959846497,1.064399950474943,1855.4639510360275,,6000,
1747,1.7469999999999184,0.001,1747,1.8472239971160889,0.0023630352020263673,1.8495870323181152,47.260704040527344,0.3291975259780884,1.0642689694248255,1855.9078697333448,,6000,
1748,1.7479999999999183,0.001,1748,1.8468947410583496,0.0023631147384643556,1.849257855796814,47.26229476928711,0.3292458653450012,1.0641377633258062,1856.4092546588608,,6000,
1749,1.7489999999999182,0.001,1749,1.8465654850006104,0.002363194274902344,1.8489286792755126,47.263885498046875,0.3292693495750427,1.0640065221114956,1856.7706648354874,,6000,
1750,1.749999999999918,0.001,1750,1.8462363481521606,0.0023632741928100586,1.8485996223449708,47.26548385620117,0.32931289076805115,1.063875293311465,1857.2452589420552,,6000,
1751,1.750999999999918,0.001,1751,1.8459070920944214,0.002363353729248047,1.8482704458236694,47.26707458496094,0.32938075065612793,1.0637439818605934,1857.8572829902648,,6000,
1752,1.7519999999999178,0.001,1752,1.8455778360366821,0.0023634338378906252,1.8479412698745727,47.2686767578125,0.3294239640235901,1.063612635275737,1858.3304847907625,,6000,
1753,1.7529999999999177,0.001,1753,1.8452483415603638,0.00236351375579834,1.847611855316162,47.2702751159668,0.329502135515213,1.0634811584027242,1859.0012596561803,,6000,
1754,1.7539999999999176,0.001,1754,1.844918966293335,0.0023635936737060547,1.847282559967041,47.271873474121094,0.3295688331127167,1.0633496939190568,1859.6074367486701,,6000,
1755,1.7549999999999175,0.001,1755,1.844589352607727,0.002363673210144043,1.846953025817871,47.27346420288086,0.32962706685066223,1.0632180990583677,1860.1662282231332,,6000,
1756,1.7559999999999174,0.001,1756,1.8442597389221191,0.002363753700256348,1.8466234926223755,47.27507400512695,0.32968375086784363,1.0630864689623563,1860.7164731743999,,6000,
1757,1.7569999999999173,0.001,1757,1.8439303636550903,0.002363833236694336,1.8462941968917848,47.27666473388672,0.3297426700592041,1.0629548988746496,1861.27936608582,,6000,
1758,1.7579999999999172,0.001,1758,1.8436006307601929,0.002363913726806641,1.8459645444869994,47.27827453613281,0.329792320728302,1.0628231506770787,1861.7903863961126,,6000,
1759,1.758999999999917,0.001,1759,1.8432707786560059,0.002363994026184082,1.84563477268219,47.27988052368164,0.3298572897911072,1.062691319549514,1862.388167041416,,6000,
1760,1.759999999999917,0.001,1760,1.8429410457611084,0.0023640737533569336,1.8453051195144654,47.28147506713867,0.3298971652984619,1.0625595007738378,1862.8443775141366,,6000,
1761,1.7609999999999169,0.001,1761,1.842611312866211,0.002364153861999512,1.8449754667282106,47.283077239990234,0.32994362711906433,1.0624276467061184,1863.3379589207798,,6000,
1762,1.7619999999999167,0.001,1762,1.8422812223434448,0.0023642345428466797,1.8446454568862916,47.284690856933594,0.3300155699253082,1.0622956142739137,1863.9758961117961,,6000,
1763,1.7629999999999166,0.001,1763,1.8419514894485474,0.002364314651489258,1.8443158041000367,47.286293029785156,0.3300752639770508,1.062163689565088,1864.5446114555257,,6000,
1764,1.7639999999999165,0.001,1764,1.8416213989257812,0.0023643951416015625,1.8439857940673827,47.28790283203125,0.3301369845867157,1.062031586402652,1865.1252306250126,,6000,
1765,1.7649999999999164,0.001,1765,1.8412913084030151,0.002364475250244141,1.8436557836532592,47.28950500488281,0.33019891381263733,1.0618994478465467,1865.7072351751735,,6000,
1766,1.7659999999999163,0.001,1766,1.840961217880249,0.002364556121826172,1.8433257740020752,47.29112243652344,0.3302408456802368,1.0617672738905162,1866.176442621961,,6000,
1767,1.7669999999999162,0.001,1767,1.8406310081481934,0.0023646364212036135,1.842995644569397,47.292728424072266,0.33031654357910156,1.0616350167756592,1866.8367472409936,,6000,
1768,1.767999999999916,0.001,1768,1.8403007984161377,0.002364717483520508,1.842665515899658,47.294349670410156,0.3303654193878174,1.0615027242227832,1867.345670524055,,6000,
1769,1.768999999999916,0.001,1769,1.839970588684082,0.0023647979736328125,1.8423353866577148,47.29595947265625,0.33043423295021057,1.061370396225628,1867.9674925470576,,6000,
1770,1.7699999999999159,0.001,1770,1.8396400213241577,0.002364878082275391,1.842004899406433,47.29756164550781,0.3305034935474396,1.0612378894048027,1868.5923119431955,,6000,
1771,1.7709999999999158,0.001,1771,1.839309573173523,0.0023649593353271487,1.8416745325088502,47.29918670654297,0.33057332038879395,1.0611053948541995,1869.2204675910605,,6000,
1772,1.7719999999999156,0.001,1772,1.8389791250228882,0.0023650400161743163,1.8413441650390625,47.30080032348633,0.330642431974411,1.0609728647893095,1869.8447978124536,,6000,
1773,1.7729999999999155,0.001,1773,1.8386484384536743,0.002365120506286621,1.841013558959961,47.30241012573242,0.3307046890258789,1.060840203544876,1870.4307468031739,,6000,
1774,1.7739999999999154,0.001,1774,1.8383179903030396,0.002365201759338379,1.8406831920623778,47.30403518676758,0.33073216676712036,1.0607076024069801,1870.8200036463354,,6000,
1775,1.7749999999999153,0.001,1775,1.8379873037338257,0.0023652826309204103,1.840352586364746,47.3056526184082,0.3307793140411377,1.0605748700257152,1871.3208660117555,,6000,
1776,1.7759999999999152,0.001,1776,1.8376566171646118,0.0023653640747070314,1.8400219812393188,47.307281494140625,0.33083486557006836,1.0604421020537957,1871.869468003932,,6000,
1777,1.776999999999915,0.001,1777,1.8373258113861084,0.0023654445648193362,1.8396912559509278,47.30889129638672,0.33089399337768555,1.0603092506041352,1872.43859198145,,6000,
1778,1.777999999999915,0.001,1778,1.836995005607605,0.0023655256271362304,1.8393605312347412,47.31051254272461,0.3309597671031952,1.0601763635255979,1873.0455336841937,,6000,
1779,1.7789999999999149,0.001,1779,1.836664080619812,0.002365606689453125,1.839029687309265,47.3121337890625,0.331034779548645,1.0600433929054063,1873.7050677217992,,6000,
1780,1.7799999999999148,0.001,1780,1.8363330364227295,0.0023656881332397464,1.8386987245559692,47.31376266479492,0.3311065435409546,1.059910338698735,1874.3465260323333,,6000,
1781,1.7809999999999147,0.001,1781,1.836001992225647,0.0023657690048217773,1.8383677612304687,47.31538009643555,0.3311671316623688,1.05977724879295,1874.9249356290115,,6000,
1782,1.7819999999999145,0.001,1782,1.8356709480285645,0.0023658504486083988,1.8380367984771728,47.31700897216797,0.3312300443649292,1.0596441231817653,1875.5167161425113,,6000,
1783,1.7829999999999144,0.001,1783,1.8353397846221924,0.002365932083129883,1.8377057167053223,47.318641662597656,0.3312859535217285,1.05951091390096,1876.0691325131334,,6000,
1784,1.7839999999999143,0.001,1784,1.8350086212158203,0.0023660131454467776,1.8373746343612671,47.32026290893555,0.3313163220882416,1.0593776688764556,1876.4770968202065,,6000,
1785,1.7849999999999142,0.001,1785,1.8346774578094482,0.002366094779968262,1.8370435525894164,47.321895599365234,0.33135882019996643,1.0592443881019638,1876.9539338908608,,6000,
1786,1.785999999999914,0.001,1786,1.834346055984497,0.002366176223754883,1.8367122322082519,47.323524475097656,0.3314410150051117,1.059110975578092,1877.6560113969285,,6000,
1787,1.786999999999914,0.001,1787,1.834014654159546,0.0023662574768066407,1.8363809116363525,47.32514953613281,0.33149251341819763,1.058977527240144,1878.1844084007187,,6000,
1788,1.7879999999999139,0.001,1788,1.8336832523345947,0.0023663389205932617,1.836049591255188,47.326778411865234,0.3315316140651703,1.0588440430818222,1878.6427495038633,,6000,
1789,1.7889999999999138,0.001,1789,1.8333518505096436,0.0023664207458496097,1.8357182712554931,47.32841491699219,0.3315943777561188,1.058710523096831,1879.2353746678916,,6000,
1790,1.7899999999999137,0.001,1790,1.8330203294754028,0.0023665021896362307,1.835386831665039,47.33004379272461,0.3316730856895447,1.0585769192307681,1879.9186700418156,,6000,
1791,1.7909999999999136,0.001,1791,1.832688808441162,0.002366584014892578,1.8350553924560546,47.33168029785156,0.3317425549030304,1.058443279499659,1880.5498300854615,,6000,
1792,1.7919999999999134,0.001,1792,1.8323570489883423,0.0023666658401489257,1.8347237148284912,47.333316802978516,0.33179157972335815,1.0583095077493794,1881.0654763687362,,6000,
1793,1.7929999999999133,0.001,1793,1.832025408744812,0.002366747856140137,1.8343921566009522,47.334957122802734,0.33184605836868286,1.058175748156661,1881.6121553348264,,6000,
1794,1.7939999999999132,0.001,1794,1.8316935300827026,0.0023668296813964844,1.8340603597640992,47.33659362792969,0.3319035768508911,1.0580418564547136,1882.1764460039428,,6000,
1795,1.794999999999913,0.001,1795,1.8313616514205933,0.0023669115066528323,1.8337285629272462,47.33823013305664,0.3319798409938812,1.0579079287850517,1882.8472608678237,,6000,
1796,1.795999999999913,0.001,1796,1.8310297727584839,0.002366993522644043,1.833396766281128,47.33987045288086,0.3320363461971283,1.0577739651413633,1883.406231232516,,6000,
1797,1.796999999999913,0.001,1797,1.8306978940963745,0.002367075538635254,1.8330649696350099,47.34151077270508,0.33208996057510376,1.0576399655173394,1883.9490076152535,,6000,
1798,1.7979999999999128,0.001,1798,1.830365777015686,0.002367157745361328,1.8327329347610473,47.34315490722656,0.33214667439460754,1.057505833603784,1884.5097426803588,,6000,
1799,1.7989999999999127,0.001,1799,1.8300336599349976,0.002367239570617676,1.8324008995056151,47.344791412353516,0.33219099044799805,1.0573716656455412,1885.0003337957264,,6000,
1800,1.7999999999999126,0.001,1800,1.829701542854309,0.00236732177734375,1.8320688646316527,47.346435546875,0.332249253988266,1.0572374616362925,1885.5702680495747,,6000,1.8996270751953126
1801,1.8009999999999124,0.001,1801,1.8293694257736206,0.0023674037933349612,1.8317368295669556,47.34807586669922,0.3322897255420685,1.057103221569721,1886.0394260192068,,6000,
1802,1.8019999999999123,0.001,1802,1.829037070274353,0.0023674863815307617,1.8314045566558839,47.349727630615234,0.33234694600105286,1.056968849033067,1886.6040165994832,,6000,
1803,1.8029999999999122,0.001,1803,1.8287047147750854,0.002367568588256836,1.8310722833633424,47.35137176513672,0.33241334557533264,1.056834440374652,1887.2209281379446,,6000,
1804,1.8039999999999121,0.001,1804,1.828372597694397,0.0023676509857177737,1.8307402486801148,47.35301971435547,0.33244702219963074,1.0567000920464276,1887.6520861608342,,6000,
1805,1.804999999999912,0.001,1805,1.8280400037765503,0.0023677330017089844,1.8304077367782592,47.35466003417969,0.33250364661216736,1.0565655146672361,1888.2140785196207,,6000,
1806,1.805999999999912,0.001,1806,1.8277076482772827,0.0023678155899047853,1.8300754638671874,47.3563117980957,0.33255434036254883,1.0564309976055903,1888.742423024046,,6000,
1807,1.8069999999999118,0.001,1807,1.8273752927780151,0.002367898178100586,1.8297431909561157,47.35796356201172,0.33262598514556885,1.0562964443968914,1889.3899732976195,,6000,
1808,1.8079999999999117,0.001,1808,1.8270426988601685,0.002367980766296387,1.8294106796264649,47.359615325927734,0.33265420794487,1.056161758472802,1889.791248033166,,6000,
1809,1.8089999999999116,0.001,1809,1.8267103433609009,0.0023680631637573242,1.8290784065246581,47.361263275146484,0.3327014446258545,1.0560271329251012,1890.3005477007077,,6000,
1810,1.8099999999999115,0.001,1810,1.8263776302337646,0.0023681459426879883,1.8287457761764527,47.362918853759766,0.33276909589767456,1.055892326290497,1890.926305336875,,6000,
1811,1.8109999999999113,0.001,1811,1.8260447978973389,0.002368228530883789,1.8284130264282226,47.36457061767578,0.3327941596508026,1.0557574350857124,1891.3103441631997,,6000,
1812,1.8119999999999112,0.001,1812,1.8257120847702026,0.00236831111907959,1.8280803958892822,47.3662223815918,0.3328441083431244,1.0556225559313515,1891.8359017980458,,6000,
1813,1.8129999999999111,0.001,1813,1.8253792524337769,0.0023683942794799806,1.8277476467132567,47.36788558959961,0.33290040493011475,1.0554875921681555,1892.3978305397943,,6000,
1814,1.813999999999911,0.001,1814,1.825046420097351,0.0023684768676757815,1.8274148969650268,47.369537353515625,0.3329288065433502,1.055352592109752,1892.8013767102802,,6000,
1815,1.814999999999911,0.001,1815,1.8247135877609253,0.002368559837341309,1.8270821475982666,47.37119674682617,0.3329923748970032,1.0552175557498074,1893.4050504517336,,6000,
1816,1.8159999999999108,0.001,1816,1.8243807554244995,0.002368642807006836,1.8267493982315064,47.37285614013672,0.3330569863319397,1.0550824830819892,1894.0148756467881,,6000,
1817,1.8169999999999107,0.001,1817,1.8240476846694946,0.0023687255859375003,1.826416410255432,47.37451171875,0.3330860435962677,1.0549472773040114,1894.422882141512,,6000,
1818,1.8179999999999106,0.001,1818,1.8237144947052002,0.002368808746337891,1.826083303451538,47.37617492675781,0.33313843607902527,1.0548119867424388,1894.9638813331203,,6000,
1819,1.8189999999999105,0.001,1819,1.8233815431594849,0.002368891525268555,1.8257504346847535,47.377830505371094,0.33319416642189026,1.0546767566239428,1895.5238995981467,,6000,
1820,1.8199999999999104,0.001,1820,1.82304847240448,0.0023689744949340823,1.825417446899414,47.37948989868164,0.33322590589523315,1.054541441709172,1895.9477136630098,,6000,
1821,1.8209999999999102,0.001,1821,1.822715163230896,0.0023690580368041993,1.8250842212677,47.381160736083984,0.33329489827156067,1.0544059935026384,1896.583860441002,,6000,
1822,1.8219999999999101,0.001,1822,1.8223822116851807,0.002369141387939453,1.82475135307312,47.38282775878906,0.33337345719337463,1.0542706542353688,1897.2744191679726,,6000,
1823,1.82299999999991,0.001,1823,1.8220487833023071,0.0023692245483398437,1.824418007850647,47.384490966796875,0.3334406316280365,1.0541350846853093,1897.9007708157924,,6000,
1824,1.82399999999991,0.001,1824,1.8217153549194336,0.002369307899475098,1.8240846628189087,47.38615798950195,0.3335077166557312,1.0539994786463998,1898.5268403588145,,6000,
1825,1.8249999999999098,0.001,1825,1.8213818073272705,0.0023693912506103517,1.823751198577881,47.38782501220703,0.3335755169391632,1.053863787610041,1899.1572963844667,,6000,
1826,1.8259999999999097,0.001,1826,1.8210484981536865,0.0023694744110107423,1.8234179725646973,47.389488220214844,0.33363476395606995,1.0537281570766304,1899.73910281572,,6000,
1827,1.8269999999999096,0.001,1827,1.8207148313522339,0.002369558143615723,1.8230843894958495,47.39116287231445,0.33369365334510803,1.0535923444763622,1900.3193508070972,,6000,
1828,1.8279999999999095,0.001,1828,1.8203811645507812,0.0023696414947509768,1.8227508060455322,47.39282989501953,0.3337208032608032,1.05345649530961,1900.7190410614326,,6000,
1829,1.8289999999999094,0.001,1829,1.8200474977493286,0.0023697248458862306,1.8224172225952149,47.39449691772461,0.3337717056274414,1.0533206095700167,1901.2542008288967,,6000,
1830,1.8299999999999093,0.001,1830,1.819713830947876,0.0023698085784912113,1.822083639526367,47.39617156982422,0.3338146209716797,1.0531846872512265,1901.7440626273649,,6000,
1831,1.8309999999999091,0.001,1831,1.8193801641464233,0.0023698923110961915,1.8217500564575195,47.39784622192383,0.33383914828300476,1.053048728346887,1902.129346704082,,6000,
1832,1.831999999999909,0.001,1832,1.8190463781356812,0.002369976043701172,1.8214163541793824,47.39952087402344,0.3339092433452606,1.0529126842569332,1902.7745510402435,,6000,
1833,1.832999999999909,0.001,1833,1.818712592124939,0.0023700599670410157,1.82108265209198,47.40119934082031,0.33396896719932556,1.0527766035425696,1903.360880601986,,6000,
1834,1.8339999999999088,0.001,1834,1.8183785676956177,0.0023701436996459964,1.8207487113952636,47.40287399291992,0.33402249217033386,1.0526403889576734,1903.9122705585157,,6000,
1835,1.8349999999999087,0.001,1835,1.8180445432662964,0.00237022762298584,1.8204147708892822,47.4045524597168,0.33406803011894226,1.0525041376832975,1904.4183380842799,,6000,
1836,1.8359999999999086,0.001,1836,1.8177107572555542,0.0023703113555908206,1.820081068611145,47.406227111816406,0.33411604166030884,1.0523679470052305,1904.9385299758558,,6000,
1837,1.8369999999999085,0.001,1837,1.8173766136169434,0.0023703954696655274,1.8197470090866088,47.40790939331055,0.3341616690158844,1.0522315736998273,1905.4455922145414,,6000,
1838,1.8379999999999084,0.001,1838,1.817042589187622,0.0023704793930053713,1.8194130685806273,47.40958786010742,0.3342123031616211,1.0520952123319312,1905.981317532193,,6000,
1839,1.8389999999999083,0.001,1839,1.8167086839675903,0.002370563507080078,1.8190792474746704,47.41127014160156,0.33425265550613403,1.0519588629344891,1906.4585162981778,,6000,
1840,1.8399999999999082,0.001,1840,1.8163743019104004,0.0023706478118896484,1.81874494972229,47.41295623779297,0.33429425954818726,1.0518222820480143,1906.9433986354388,,6000,
1841,1.840999999999908,0.001,1841,1.8160400390625,0.0023707317352294924,1.8184107707977295,47.414634704589844,0.3343648910522461,1.0516857130668258,1907.593990664015,,6000,
1842,1.841999999999908,0.001,1842,1.8157057762145996,0.0023708160400390628,1.8180765922546387,47.41632080078125,0.3344237804412842,1.0515491072991752,1908.1778194851586,,6000,
1843,1.8429999999999078,0.001,1843,1.8153713941574097,0.0023709001541137695,1.8177422943115233,47.41800308227539,0.3344792127609253,1.0514124160008351,1908.7422271452022,,6000,
1844,1.8439999999999077,0.001,1844,1.8150368928909302,0.00237098445892334,1.8174078773498534,47.4196891784668,0.33454370498657227,1.0512756391260525,1909.3586450724881,,6000,
1845,1.8449999999999076,0.001,1845,1.8147025108337402,0.002371068572998047,1.8170735794067383,47.42137145996094,0.33459293842315674,1.0511388741573193,1909.8881031760586,,6000,
1846,1.8459999999999075,0.001,1846,1.8143681287765503,0.002371153259277344,1.8167392820358277,47.423065185546875,0.334634393453598,1.0510020723504012,1910.3733603792466,,6000,
1847,1.8469999999999074,0.001,1847,1.8140335083007812,0.0023712375640869143,1.8164047458648682,47.42475128173828,0.3346785008907318,1.0508651361181212,1910.8741324906568,,6000,
1848,1.8479999999999073,0.001,1848,1.8136988878250122,0.002371322059631348,1.8160702098846435,47.42644119262695,0.33473849296569824,1.0507281629823542,1911.4658087145217,,6000,
1849,1.8489999999999072,0.001,1849,1.8133642673492432,0.002371406364440918,1.815735673713684,47.42812728881836,0.33479949831962585,1.0505911529367251,1912.0634933033182,,6000,
1850,1.849999999999907,0.001,1850,1.8130292892456055,0.0023714906692504883,1.815400779914856,47.429813385009766,0.33485013246536255,1.0504539594852542,1912.602429312256,,6000,
1851,1.850999999999907,0.001,1851,1.8126946687698364,0.0023715757369995117,1.815066244506836,47.431514739990234,0.33491095900535583,1.0503168755613181,1913.1995312921365,,6000,
1852,1.8519999999999068,0.001,1852,1.8123598098754883,0.0023716604232788085,1.8147314702987671,47.43320846557617,0.334955096244812,1.0501796569960138,1913.7016834030146,,6000,
1853,1.8529999999999067,0.001,1853,1.8120249509811401,0.002371744918823242,1.8143966958999633,47.434898376464844,0.3349977135658264,1.0500424014427021,1914.195349286224,,6000,
1854,1.8539999999999066,0.001,1854,1.8116899728775024,0.0023718297958374023,1.81406180267334,47.43659591674805,0.33504390716552734,1.0499050600124633,1914.7097385827442,,6000,
1855,1.8549999999999065,0.001,1855,1.8113549947738647,0.002371914482116699,1.8137269092559813,47.438289642333984,0.3351018726825714,1.0497676815551094,1915.2916130137867,,6000,
1856,1.8559999999999064,0.001,1856,1.811020016670227,0.002371999168395996,1.813392015838623,47.43998336791992,0.3351546823978424,1.049630266064257,1915.8442352537386,,6000,
1857,1.8569999999999063,0.001,1857,1.8106849193572998,0.002372084426879883,1.8130570037841798,47.441688537597656,0.3351954221725464,1.0494927646114403,1916.328154753774,,6000,
1858,1.8579999999999062,0.001,1858,1.8103498220443726,0.00237216911315918,1.8127219911575316,47.443382263183594,0.3352508544921875,1.049355226085992,1916.8962777799015,,6000,
1859,1.858999999999906,0.001,1859,1.8100146055221558,0.0023722543716430664,1.8123868598937989,47.44508743286133,0.33527547121047974,1.0492176015330568,1917.2884865099159,,6000,
1860,1.859999999999906,0.001,1860,1.809679388999939,0.0023723394393920898,1.8120517284393312,47.4467887878418,0.3353610634803772,1.0490799398683317,1918.029603287245,,6000,
1861,1.8609999999999058,0.001,1861,1.8093440532684326,0.0023724246978759768,1.8117164779663086,47.44849395751953,0.33540430665016174,1.0489421921105542,1918.5288331779384,,6000,
1862,1.8619999999999057,0.001,1862,1.8090088367462158,0.002372509574890137,1.811381346321106,47.450191497802734,0.33545035123825073,1.048804456189888,1919.0441988979317,,6000,
1863,1.8629999999999056,0.001,1863,1.8086735010147095,0.0023725948333740234,1.8110460958480834,47.45189666748047,0.33548107743263245,1.0486666341369861,1919.4722126849451,,6000,
1864,1.8639999999999055,0.001,1864,1.8083380460739136,0.0023726800918579104,1.8107107261657716,47.4536018371582,0.3355143666267395,1.0485287259058305,1919.9151630503202,,6000,
1865,1.8649999999999054,0.001,1865,1.8080025911331177,0.002372765350341797,1.8103753564834595,47.45530700683594,0.3355885446071625,1.0483907804781072,1920.592306930366,,6000,
1866,1.8659999999999053,0.001,1866,1.8076671361923218,0.002372850799560547,1.8100399869918824,47.45701599121094,0.3356303572654724,1.0482527978474259,1921.0844442563007,,6000,
1867,1.8669999999999052,0.001,1867,1.8073316812515259,0.002372936058044434,1.8097046173095703,47.45872116088867,0.33568039536476135,1.048114778007398,1921.6238664410396,,6000,
1868,1.867999999999905,0.001,1868,1.8069957494735718,0.002373021697998047,1.8093687711715698,47.46043395996094,0.3357546031475067,1.0479765246819968,1922.3022381120022,,6000,
1869,1.868999999999905,0.001,1869,1.8066601753234863,0.002373107147216797,1.8090332824707032,47.46214294433594,0.33580756187438965,1.047838381270553,1922.8589134168228,,6000,
1870,1.8699999999999048,0.001,1870,1.8063246011734009,0.002373192596435547,1.8086977937698365,47.46385192871094,0.33586400747299194,1.047700200604133,1923.435772634138,,6000,
1871,1.8709999999999047,0.001,1871,1.8059885501861572,0.0023732784271240236,1.8083618286132812,47.46556854248047,0.3359123468399048,1.0475617862478064,1923.9667841059043,,6000,
1872,1.8719999999999046,0.001,1872,1.8056528568267822,0.0023733640670776366,1.8080262208938598,47.467281341552734,0.3359707295894623,1.0474234818789254,1924.5552657657415,,6000,
1873,1.8729999999999045,0.001,1873,1.8053169250488281,0.002373449516296387,1.8076903745651245,47.468990325927734,0.3360383212566376,1.0472850419421293,1925.196910862819,,6000,
1874,1.8739999999999044,0.001,1874,1.804980993270874,0.0023735353469848636,1.807354528617859,47.470706939697266,0.3360978364944458,1.047146564645297,1925.7925175448186,,6000,
1875,1.8749999999999043,0.001,1875,1.8046448230743408,0.00237362117767334,1.807018444252014,47.4724235534668,0.3361606001853943,1.0470079516616861,1926.4071470625238,,6000,
1876,1.8759999999999042,0.001,1876,1.8043088912963867,0.0023737070083618165,1.8066825983047485,47.47414016723633,0.33621668815612793,1.0468693995990561,1926.9835661538868,,6000,
1877,1.876999999999904,0.001,1877,1.803972601890564,0.0023737928390502932,1.8063463947296143,47.47585678100586,0.3362736701965332,1.0467306625970556,1927.565603336014,,6000,
1878,1.877999999999904,0.001,1878,1.8036364316940308,0.0023738786697387695,1.8060103103637695,47.47757339477539,0.33633145689964294,1.0465919373297745,1928.1523862552,,6000,
1879,1.8789999999999039,0.001,1879,1.8033002614974976,0.0023739646911621094,1.8056742261886596,47.47929382324219,0.3363584578037262,1.0464531746173658,1928.5628786594216,,6000,
1880,1.8799999999999037,0.001,1880,1.8029638528823853,0.002374050521850586,1.8053379034042358,47.48101043701172,0.33640944957733154,1.0463142760003012,1929.1113040910168,,6000,
1881,1.8809999999999036,0.001,1881,1.8026278018951416,0.0023741367340087893,1.8050019386291505,47.48273468017578,0.3364787995815277,1.0461754875917082,1929.7649595447924,,6000,
1882,1.8819999999999035,0.001,1882,1.8022911548614502,0.0023742229461669925,1.8046653778076172,47.484458923339844,0.3365228772163391,1.0460364154796469,1930.2743512731195,,6000,
1883,1.8829999999999034,0.001,1883,1.801954746246338,0.0023743087768554687,1.8043290550231934,47.486175537109375,0.33658942580223083,1.0458974043233769,1930.9126750533292,,6000,
1884,1.8839999999999033,0.001,1884,1.801618218421936,0.002374394989013672,1.8039926134109496,47.48789978027344,0.3366667628288269,1.0457583063570344,1931.6132271612184,,6000,
1885,1.8849999999999032,0.001,1885,1.8012816905975342,0.0023744813919067383,1.8036561719894408,47.489627838134766,0.3367198705673218,1.0456191708273541,1932.175001922868,,6000,
1886,1.885999999999903,0.001,1886,1.8009450435638428,0.0023745674133300782,1.8033196109771727,47.49134826660156,0.3367612957954407,1.0454799484215507,1932.670040992432,,6000,
1887,1.886999999999903,0.001,1887,1.8006082773208618,0.0023746538162231446,1.8029829311370849,47.49307632446289,0.33679211139678955,1.0453406390932636,1933.1044760046386,,6000,
1888,1.8879999999999029,0.001,1888,1.8002716302871704,0.002374740219116211,1.8026463705062865,47.49480438232422,0.33681222796440125,1.04520134146215,1933.4775871597842,,6000,
1889,1.8889999999999028,0.001,1889,1.7999348640441895,0.0023748268127441407,1.8023096908569336,47.49653625488281,0.33686479926109314,1.0450619568690789,1934.037290594595,,6000,
1890,1.8899999999999026,0.001,1890,1.799597978591919,0.002374913215637207,1.8019728918075562,47.49826431274414,0.33695945143699646,1.044922485267655,1934.8389350661828,,6000,
1891,1.8909999999999025,0.001,1891,1.799261450767517,0.0023749998092651367,1.8016364505767821,47.499996185302734,0.3370109796524048,1.0447831241034786,1935.392935878008,,6000,
1892,1.8919999999999024,0.001,1892,1.7989243268966675,0.0023750864028930663,1.8012994132995606,47.50172805786133,0.33706536889076233,1.044643478399448,1935.9640443485896,,6000,
1893,1.8929999999999023,0.001,1893,1.7985872030258179,0.0023751731872558596,1.8009623762130738,47.50346374511719,0.33707916736602783,1.0445037949474478,1936.3022077846292,,6000,
1894,1.8939999999999022,0.001,1894,1.7982501983642578,0.002375259399414063,1.8006254577636718,47.50518798828125,0.33714428544044495,1.044364123154088,1936.935277452279,,6000,
1895,1.894999999999902,0.001,1895,1.7979130744934082,0.002375346374511719,1.80028842086792,47.506927490234375,0.33719393610954285,1.0442243642002138,1937.4798041672075,,6000,
1896,1.895999999999902,0.001,1896,1.7975761890411377,0.002375433349609375,1.799951622390747,47.5086669921875,0.3372481167316437,1.044084666358575,1938.050395325819,,6000,
1897,1.8969999999999019,0.001,1897,1.7972389459609985,0.0023755203247070316,1.7996144662857056,47.510406494140625,0.3372950255870819,1.0439447824373929,1938.5796907738847,,6000,
1898,1.8979999999999018,0.001,1898,1.7969017028808594,0.002375606918334961,1.7992773097991943,47.51213836669922,0.33733507990837097,1.0438048607093942,1939.069797083203,,6000,
1899,1.8989999999999017,0.001,1899,1.7965644598007202,0.0023756942749023438,1.7989401540756225,47.513885498046875,0.3373855948448181,1.0436649011681525,1939.6202428606505,,6000,
1900,1.8999999999999015,0.001,1900,1.796227216720581,0.0023757810592651366,1.7986029977798461,47.515621185302734,0.33739763498306274,1.043524903807244,1939.9496864066343,,6000,1.869508056640625
1901,1.9009999999999014,0.001,1901,1.7958896160125732,0.002375868034362793,1.798265484046936,47.51736068725586,0.337455153465271,1.0433847201004989,1940.5410888100832,,6000,
1902,1.9019999999999013,0.001,1902,1.7955526113510132,0.0023759550094604493,1.7979285663604736,47.519100189208984,0.33750438690185547,1.0432447460807888,1941.084610316662,,6000,
1903,1.9029999999999012,0.001,1903,1.7952148914337158,0.002376041793823242,1.797590933227539,47.520835876464844,0.3375619351863861,1.0431044370756184,1941.6767287430205,,6000,
1904,1.903999999999901,0.001,1904,1.7948776483535767,0.0023761293411254884,1.7972537776947022,47.522586822509766,0.33761659264564514,1.0429642883049506,1942.2520776488752,,6000,
1905,1.904999999999901,0.001,1905,1.7945399284362793,0.0023762166976928714,1.7969161451339721,47.52433395385742,0.337685227394104,1.0428239034420392,1942.908440895013,,6000,
1906,1.9059999999999009,0.001,1906,1.794202446937561,0.0023763036727905275,1.7965787506103517,47.52607345581055,0.3377512991428375,1.0426835797608605,1943.5501183607446,,6000,
1907,1.9069999999999008,0.001,1907,1.7938646078109741,0.002376390838623047,1.796240998649597,47.52781677246094,0.3378279507160187,1.0425430694007531,1944.2532052524216,,6000,
1908,1.9079999999999007,0.001,1908,1.7935268878936768,0.002376478385925293,1.795903366279602,47.52956771850586,0.33786457777023315,1.0424025706359814,1944.7260815795853,,6000,
1909,1.9089999999999006,0.001,1909,1.7931891679763794,0.002376565742492676,1.7955657337188722,47.531314849853516,0.3379022479057312,1.042262033886589,1945.205161003682,,6000,
1910,1.9099999999999004,0.001,1910,1.792851209640503,0.002376653289794922,1.7952278629302978,47.53306579589844,0.33795538544654846,1.0421213598918206,1945.7736792668593,,6000,
1911,1.9109999999999003,0.001,1911,1.792513370513916,0.002376740837097168,1.7948901113510132,47.53481674194336,0.33799630403518677,1.0419806974864887,1946.2719694358036,,6000,
1912,1.9119999999999002,0.001,1912,1.7921754121780396,0.0023768283843994143,1.794552240562439,47.53656768798828,0.33803805708885193,1.041839947396403,1946.7753637223548,,6000,
1913,1.9129999999999001,0.001,1913,1.7918375730514526,0.002376915740966797,1.7942144887924194,47.53831481933594,0.338079571723938,1.0416992089097277,1947.277499103307,,6000,
1914,1.9139999999999,0.001,1914,1.7914994955062866,0.0023770034790039063,1.7938764989852904,47.540069580078125,0.3381205201148987,1.041558333017719,1947.7767652355574,,6000,
1915,1.9149999999999,0.001,1915,1.7911614179611206,0.0023770910263061526,1.7935385089874267,47.54182052612305,0.33816641569137573,1.0414174190219503,1948.304740335334,,6000,
1916,1.9159999999998998,0.001,1916,1.7908234596252441,0.0023771791458129885,1.793200638771057,47.543582916259766,0.33819594979286194,1.0412765166237257,1948.7385592221435,,6000,
1917,1.9169999999998997,0.001,1917,1.7904853820800781,0.002377266883850098,1.7928626489639283,47.54533767700195,0.3382365107536316,1.0411355264145672,1949.2362070389097,,6000,
1918,1.9179999999998996,0.001,1918,1.7901471853256226,0.002377354621887207,1.7925245399475098,47.54709243774414,0.3382667303085327,1.0409944483477178,1949.674549247221,,6000,
1919,1.9189999999998995,0.001,1919,1.7898088693618774,0.0023774425506591797,1.7921863119125365,47.548851013183594,0.3383147716522217,1.0408532823763947,1950.215908700261,,6000,
1920,1.9199999999998993,0.001,1920,1.7894706726074219,0.0023775304794311524,1.791848203086853,47.55060958862305,0.33836981654167175,1.0407121279768747,1950.7977707502446,,6000,
1921,1.9209999999998992,0.001,1921,1.7891324758529663,0.002377618408203125,1.7915100942611695,47.5523681640625,0.33842596411705017,1.0405709354080923,1951.386220398281,,6000,
1922,1.9219999999998991,0.001,1922,1.7887941598892212,0.0023777061462402346,1.7911718660354614,47.55412292480469,0.33846744894981384,1.040429654875164,1951.8904369777401,,6000,
1923,1.922999999999899,0.001,1923,1.7884557247161865,0.0023777944564819338,1.7908335191726685,47.55588912963867,0.3385155498981476,1.0402882863312661,1952.4331150087664,,6000,
1924,1.923999999999899,0.001,1924,1.7881171703338623,0.0023778823852539065,1.7904950527191161,47.557647705078125,0.33856919407844543,1.040146829729552,1953.0080815598503,,6000,
1925,1.9249999999998988,0.001,1925,1.787778615951538,0.002377970886230469,1.7901565868377685,47.559417724609375,0.3386080861091614,1.04000533485203,1953.4981682993266,,6000,
1926,1.9259999999998987,0.001,1926,1.787440299987793,0.002378059005737305,1.7898183589935304,47.561180114746094,0.33865872025489807,1.0398639013769675,1954.0560248689437,,6000,
1927,1.9269999999998986,0.001,1927,1.7871017456054688,0.002378147315979004,1.7894798929214477,47.56294631958008,0.3387073874473572,1.039722329955469,1954.6029417019288,,6000,
1928,1.9279999999998985,0.001,1928,1.786763072013855,0.00237823543548584,1.7891413074493407,47.5647087097168,0.3387465476989746,1.039580670369524,1955.0953034471033,,6000,
1929,1.9289999999998984,0.001,1929,1.7864242792129517,0.002378323745727539,1.7888026029586792,47.56647491455078,0.33879968523979187,1.0394389225722196,1955.6686470892796,,6000,
1930,1.9299999999998982,0.001,1930,1.786085605621338,0.0023784122467041015,1.788464017868042,47.56824493408203,0.33883771300315857,1.0392971863092582,1956.154894673211,,6000,
1931,1.9309999999998981,0.001,1931,1.7857469320297241,0.0023785007476806643,1.7881254327774048,47.57001495361328,0.3388669192790985,1.0391554117048751,1956.5904125340105,,6000,
1932,1.931999999999898,0.001,1932,1.7854082584381104,0.0023785888671875003,1.7877868473052978,47.57177734375,0.3389156460762024,1.0390135987526348,1957.1388467855293,,6000,
1933,1.932999999999898,0.001,1933,1.7850693464279175,0.0023786773681640627,1.7874480237960815,47.57354736328125,0.3389613926410675,1.0388716475724675,1957.6704789265484,,6000,
1934,1.9339999999998978,0.001,1934,1.784730315208435,0.0023787664413452148,1.7871090816497803,47.5753288269043,0.33898720145225525,1.038729608027206,1958.0872567755475,,6000,
1935,1.9349999999998977,0.001,1935,1.7843912839889526,0.0023788547515869144,1.7867701387405395,47.57709503173828,0.3390311300754547,1.0385875300337095,1958.6089006736913,,6000,
1936,1.9359999999998976,0.001,1936,1.7840523719787598,0.00237894344329834,1.7864313154220581,47.5788688659668,0.33906251192092896,1.0384454635629126,1959.0581719579386,,6000,
1937,1.9369999999998975,0.001,1937,1.7837135791778564,0.002379032325744629,1.786092611503601,47.58064651489258,0.33911430835723877,1.0383034086489293,1959.6255133083162,,6000,
1938,1.9379999999998974,0.001,1938,1.783374547958374,0.002379121017456055,1.78575366897583,47.582420349121094,0.339149534702301,1.0381612153126363,1960.097505281016,,6000,
1939,1.9389999999998973,0.001,1939,1.7830355167388916,0.002379209899902344,1.7854147266387939,47.584197998046875,0.339171439409256,1.03801898350234,1960.492696953599,,6000,
1940,1.9399999999998971,0.001,1940,1.78269624710083,0.0023792989730834963,1.7850755460739136,47.58597946166992,0.33925193548202515,1.0378766131486301,1961.226977373517,,6000,
1941,1.940999999999897,0.001,1941,1.7823572158813477,0.002379387664794922,1.7847366035461425,47.58775329589844,0.33928683400154114,1.0377343043439484,1961.6977057496636,,6000,
1942,1.941999999999897,0.001,1942,1.7820179462432861,0.0023794767379760745,1.7843974229812622,47.589534759521484,0.33934158086776733,1.0375918569288207,1962.283600830416,,6000,
1943,1.9429999999998968,0.001,1943,1.7816786766052246,0.002379566192626953,1.7840582427978515,47.59132385253906,0.3393747806549072,1.037449370959775,1962.7451140537582,,6000,
1944,1.9439999999998967,0.001,1944,1.781339406967163,0.002379654884338379,1.7837190618515015,47.59309768676758,0.33940136432647705,1.0373068464303685,1963.1685580468793,,6000,
1945,1.9449999999998966,0.001,1945,1.781000018119812,0.0023797439575195312,1.7833797620773315,47.594879150390625,0.3394348621368408,1.0371642332349378,1963.6322846082116,,6000,
1946,1.9459999999998965,0.001,1946,1.780660629272461,0.002379833030700684,1.7830404623031617,47.59666061401367,0.33945733308792114,1.0370215814391548,1964.0324126147696,,6000,
1947,1.9469999999998964,0.001,1947,1.7803212404251099,0.002379922676086426,1.7827011631011962,47.598453521728516,0.3395024240016937,1.0368788910365767,1964.5636164641576,,6000,
1948,1.9479999999998963,0.001,1948,1.7799819707870483,0.0023800113677978517,1.7823619821548462,47.60022735595703,0.3395217955112457,1.036736212160672,1964.9460963863414,,6000,
1949,1.9489999999998961,0.001,1949,1.7796425819396973,0.0023801006317138674,1.7820226825714112,47.602012634277344,0.33955276012420654,1.036593444538753,1965.395952944476,,6000,
1950,1.949999999999896,0.001,1950,1.7793030738830566,0.0023801902770996097,1.7816832641601563,47.60380554199219,0.3395949900150299,1.0364505881236865,1965.9113164080936,,6000,
1951,1.950999999999896,0.001,1951,1.778963565826416,0.0023802793502807618,1.7813438451766967,47.605587005615234,0.3396090865135193,1.0363076930489357,1966.2640089895533,,6000,
1952,1.9519999999998958,0.001,1952,1.7786240577697754,0.002380368995666504,1.781004426765442,47.60737991333008,0.3396487236022949,1.036164759308063,1966.7647671926682,,6000,
1953,1.9529999999998957,0.001,1953,1.7782843112945557,0.002380458450317383,1.780664769744873,47.609169006347656,0.3397010266780853,1.0360216864790688,1967.3392812802772,,6000,
1954,1.9539999999998956,0.001,1954,1.7779446840286255,0.002380547904968262,1.7803252319335938,47.610958099365234,0.3397476077079773,1.0358786251381142,1967.8807890992744,,6000,
1955,1.9549999999998955,0.001,1955,1.7776051759719849,0.0023806371688842773,1.7799858131408692,47.61274337768555,0.33981630206108093,1.0357355753195232,1968.5505267476094,,6000,
1956,1.9559999999998954,0.001,1956,1.7772653102874756,0.002380727005004883,1.7796460372924805,47.614540100097656,0.3398508131504059,1.0355923360634196,1969.0227591425132,,6000,
1957,1.9569999999998953,0.001,1957,1.7769254446029663,0.002380816650390625,1.779306261253357,47.6163330078125,0.3398815393447876,1.0354490580274596,1969.4732640479592,,6000,
1958,1.9579999999998952,0.001,1958,1.7765858173370361,0.0023809066772460937,1.7789667240142821,47.618133544921875,0.339907705783844,1.0353058417567285,1969.8973505669487,,6000,
1959,1.958999999999895,0.001,1959,1.7762460708618164,0.0023809967041015625,1.778627067565918,47.61993408203125,0.33995750546455383,1.0351625364583086,1970.4587066742965,,6000,
1960,1.959999999999895,0.001,1960,1.7759060859680176,0.0023810863494873047,1.7782871723175049,47.621726989746094,0.3400093615055084,1.035019091781984,1971.0324043595201,,6000,
1961,1.9609999999998948,0.001,1961,1.7755661010742188,0.00238117618560791,1.7779472772598266,47.6235237121582,0.34004777669906616,1.034875608272821,1971.5284077470717,,6000,
1962,1.9619999999998947,0.001,1962,1.7752262353897095,0.0023812660217285156,1.777607501411438,47.62532043457031,0.3400762975215912,1.0347321362545907,1971.967153272509,,6000,
1963,1.9629999999998946,0.001,1963,1.7748862504959106,0.0023813560485839843,1.7772676065444946,47.62712097167969,0.34014061093330383,1.0345885750740536,1972.613766253647,,6000,
1964,1.9639999999998945,0.001,1964,1.7745462656021118,0.002381446075439453,1.7769277116775513,47.62892150878906,0.34017500281333923,1.034444975041366,1973.0870815998856,,6000,
1965,1.9649999999998944,0.001,1965,1.7742060422897339,0.0023815359115600585,1.7765875782012939,47.63071823120117,0.3401981294155121,1.034301235407923,1973.4954446690167,,6000,
1966,1.9659999999998943,0.001,1966,1.7738659381866455,0.002381626129150391,1.776247564315796,47.63252258300781,0.34022247791290283,1.0341575072396587,1973.9109885940732,,6000,
1967,1.9669999999998942,0.001,1967,1.7735258340835571,0.002381716346740723,1.775907550430298,47.63432693481445,0.34024176001548767,1.0340137401726803,1974.297323894365,,6000,
1968,1.967999999999894,0.001,1968,1.7731854915618896,0.0023818065643310547,1.7755672981262207,47.636131286621094,0.34026744961738586,1.0338698333765521,1974.7212190499515,,6000,
1969,1.968999999999894,0.001,1969,1.7728453874588013,0.00238189640045166,1.7752272838592529,47.6379280090332,0.3403153121471405,1.03372598846557,1975.2738111129065,,6000,
1970,1.9699999999998938,0.001,1970,1.7725051641464233,0.0023819868087768554,1.7748871509552002,47.63973617553711,0.34036189317703247,1.0335820541972878,1975.8192886274608,,6000,
1971,1.9709999999998937,0.001,1971,1.7721648216247559,0.0023820770263671878,1.774546898651123,47.64154052734375,0.3403601348400116,1.0334380305243314,1976.0844373067503,,6000,
1972,1.9719999999998936,0.001,1972,1.7718247175216675,0.002382167434692383,1.77420688495636,47.643348693847656,0.34040436148643494,1.0332940687991068,1976.616561142478,,6000,
1973,1.9729999999998935,0.001,1973,1.771484375,0.002382258224487305,1.7738666332244872,47.645164489746094,0.34041500091552734,1.0331499671761013,1976.9540438314893,,6000,
1974,1.9739999999998934,0.001,1974,1.7711440324783325,0.0023823488235473634,1.7735263813018798,47.646976470947266,0.3404321074485779,1.033005826554768,1977.3292581551311,,6000,
1975,1.9749999999998933,0.001,1975,1.770803689956665,0.0023824392318725586,1.7731861291885376,47.64878463745117,0.34048178791999817,1.032861646928678,1977.893877262979,,6000,
1976,1.9759999999998932,0.001,1976,1.770463228225708,0.002382529640197754,1.7728457578659058,47.65059280395508,0.3405090868473053,1.0327173777701608,1978.3287906853925,,6000,
1977,1.976999999999893,0.001,1977,1.770122766494751,0.002382620429992676,1.7725053869247436,47.652408599853516,0.3405303955078125,1.0325730695666957,1978.7290926580788,,6000,
1978,1.977999999999893,0.001,1978,1.7697821855545044,0.0023827110290527346,1.772164896583557,47.65422058105469,0.34055325388908386,1.0324286717632596,1979.138684558971,,6000,
1979,1.9789999999998928,0.001,1979,1.769441843032837,0.00238280143737793,1.7718246444702148,47.656028747558594,0.34058356285095215,1.0322843359992129,1979.5915774772263,,6000,
1980,1.9799999999998927,0.001,1980,1.769101619720459,0.002382892417907715,1.7714845121383667,47.6578483581543,0.3406187891960144,1.032140011774234,1980.073160484277,,6000,
1981,1.9809999999998926,0.001,1981,1.7687609195709229,0.0023829832077026367,1.7711439027786255,47.659664154052734,0.34064698219299316,1.0319954461748309,1980.5144496846005,,6000,
1982,1.9819999999998925,0.001,1982,1.7684202194213867,0.0023830738067626956,1.7708032932281494,47.661476135253906,0.34067654609680176,1.0318508414436138,1980.9639092032562,,6000,
1983,1.9829999999998924,0.001,1983,1.7680797576904297,0.0023831647872924805,1.7704629224777222,47.66329574584961,0.3406929075717926,1.0317062988081822,1981.3365953005693,,6000,
1984,1.9839999999998923,0.001,1984,1.7677390575408936,0.0023832557678222658,1.7701223133087158,47.66511535644531,0.3407476842403412,1.0315616158214471,1981.9330945287197,,6000,
1985,1.9849999999998922,0.001,1985,1.767398476600647,0.002383346748352051,1.769781823348999,47.666934967041016,0.3407677710056305,1.031416944328026,1982.3279395180537,,6000,
1986,1.985999999999892,0.001,1986,1.7670577764511108,0.002383437728881836,1.7694412141799927,47.66875457763672,0.34080514311790466,1.0312721830463907,1982.8236350436337,,6000,
1987,1.986999999999892,0.001,1987,1.7667169570922852,0.0023835290908813477,1.7691004861831665,47.67058181762695,0.34087300300598145,1.0311273319290144,1983.497047071475,,6000,
1988,1.9879999999998919,0.001,1988,1.766376256942749,0.002383620071411133,1.7687598770141602,47.672401428222656,0.3409196436405182,1.0309824922993966,1984.0471367084012,,6000,
1989,1.9889999999998917,0.001,1989,1.7660353183746338,0.0023837114334106448,1.7684190298080444,47.67422866821289,0.34094831347465515,1.0308375120945485,1984.4930523447035,,6000,
1990,1.9899999999998916,0.001,1990,1.765694499015808,0.002383802604675293,1.7680783016204833,47.67605209350586,0.34098556637763977,1.0306925433646192,1984.9890361941557,,6000,
1991,1.9909999999998915,0.001,1991,1.7653535604476929,0.002383893585205078,1.767737454032898,47.67787170410156,0.34099701046943665,1.0305474846909948,1985.3350701545778,,6000,
1992,1.9919999999998914,0.001,1992,1.7650127410888672,0.0023839853286743164,1.7673967264175414,47.67970657348633,0.341050922870636,1.030402437506892,1985.9284709913438,,6000,
1993,1.9929999999998913,0.001,1993,1.7646719217300415,0.002384076690673828,1.7670559984207153,47.68153381347656,0.34107649326324463,1.0302573510929431,1986.3570567183942,,6000,
1994,1.9939999999998912,0.001,1994,1.7643307447433472,0.0023841678619384767,1.7667149126052857,47.68335723876953,0.34110304713249207,1.0301120731391813,1986.791860965237,,6000,
1995,1.994999999999891,0.001,1995,1.7639899253845215,0.0023842594146728517,1.7663741847991943,47.68518829345703,0.3411424160003662,1.0299669082051357,1987.3012226860117,,6000,
1996,1.995999999999891,0.001,1996,1.7636487483978271,0.0023843507766723635,1.7660330991744995,47.687015533447266,0.3411790728569031,1.0298215516360494,1987.7952970485878,,6000,
1997,1.9969999999998909,0.001,1997,1.7633075714111328,0.0023844423294067385,1.7656920137405396,47.688846588134766,0.3412163257598877,1.0296761557290588,1988.2930600735758,,6000,
1998,1.9979999999998908,0.001,1998,1.762966513633728,0.0023845340728759767,1.765351047706604,47.69068145751953,0.34125423431396484,1.0295307713005692,1988.7947625860893,,6000,
1999,1.9989999999998906,0.001,1999,1.7626252174377441,0.002384625816345215,1.7650098432540893,47.6925163269043,0.34129828214645386,1.0293852458756971,1989.3326634351265,,6000,
